<powerpagecomponent powerpagecomponentid="84e16cea-15ef-4530-ab9f-fb21ec42c1d6">
  <content>{"enablerating":false,"enabletracking":false,"excludefromsearch":false,"feedbackpolicy":756150000,"hiddenfromsitemap":true,"isroot":true,"pagetemplateid":"f1e45b49-34f1-4723-a58c-781b7d5b6563","parentpageid":"c0c42595-6d90-4a49-9e78-cb6d9e66b371","partialurl":"profile","publishingstateid":"8862e89a-e13d-4c4e-9719-6fa1b74e7ccc","sharedpageconfiguration":false,"title":"Profile"}</content>
  <iscustomizable>1</iscustomizable>
  <name>Profile</name>
  <powerpagecomponenttype>2</powerpagecomponenttype>
  <powerpagesiteid>
    <powerpagesiteid>5d10b291-67dd-425e-b96c-73b918f8dc4d</powerpagesiteid>
  </powerpagesiteid>
  <searchcontent>ProfileProfile</searchcontent>
  <statecode>0</statecode>
  <statuscode>1</statuscode>
</powerpagecomponent>