<powerpagecomponent powerpagecomponentid="16718f30-74fe-4a5f-ba51-c57f86b7a945">
  <content>{"contentdisposition":756150000,"enabletracking":false,"excludefromsearch":false,"hiddenfromsitemap":false,"parentpageid":"d10812f6-ba35-4fcc-bd48-52376e2169c3","partialurl":"subpage-one.png","publishingstateid":"8862e89a-e13d-4c4e-9719-6fa1b74e7ccc"}</content>
  <filecontent mimetype="application/octet-stream">subpage-one.png</filecontent>
  <iscustomizable>1</iscustomizable>
  <name>subpage-one.png</name>
  <powerpagecomponenttype>3</powerpagecomponenttype>
  <powerpagesiteid>
    <powerpagesiteid>5d10b291-67dd-425e-b96c-73b918f8dc4d</powerpagesiteid>
  </powerpagesiteid>
  <statecode>0</statecode>
  <statuscode>1</statuscode>
</powerpagecomponent>