<powerpagecomponent powerpagecomponentid="1f9fe46f-be7d-94aa-cf34-cc839e546c8b">
  <content>{
  "filecontent": null,
  "displayorder": 6,
  "customcss": "",
  "customjavascript": "",
  "pagetemplateid": "a1dd5d8b-8297-4fda-8a70-98fece95833c",
  "parentpageid": "c0c42595-6d90-4a49-9e78-cb6d9e66b371",
  "partialurl": "Maintenance-Tips-Page",
  "isroot": true,
  "title": "Maintenance Tips Page",
  "summary": "&lt;p&gt;This is a sample landing page designed to be a starting point for your website&lt;/p&gt;",
  "copy": "",
  "publishingstateid": "8862e89a-e13d-4c4e-9719-6fa1b74e7ccc",
  "enablerating": false,
  "enabletracking": false,
  "excludefromsearch": false,
  "hiddenfromsitemap": true,
  "sharedpageconfiguration": false
}</content>
  <iscustomizable>1</iscustomizable>
  <name>Maintenance Tips</name>
  <powerpagecomponenttype>2</powerpagecomponenttype>
  <powerpagesiteid>
    <powerpagesiteid>5d10b291-67dd-425e-b96c-73b918f8dc4d</powerpagesiteid>
  </powerpagesiteid>
  <searchcontent>Maintenance Tips PageMaintenance Tips</searchcontent>
  <statecode>0</statecode>
  <statuscode>1</statuscode>
</powerpagecomponent>