<powerpagecomponent powerpagecomponentid="af852336-d815-44c8-acaf-4b441b12d62e">
  <content>{"contentdisposition":756150000,"displayorder":1,"enabletracking":false,"excludefromsearch":true,"hiddenfromsitemap":true,"parentpageid":"c0c42595-6d90-4a49-9e78-cb6d9e66b371","partialurl":"bootstrap.min.css","publishingstateid":"8862e89a-e13d-4c4e-9719-6fa1b74e7ccc"}</content>
  <filecontent mimetype="application/octet-stream">bootstrap.min.css</filecontent>
  <iscustomizable>1</iscustomizable>
  <name>bootstrap.min.css</name>
  <powerpagecomponenttype>3</powerpagecomponenttype>
  <powerpagesiteid>
    <powerpagesiteid>5d10b291-67dd-425e-b96c-73b918f8dc4d</powerpagesiteid>
  </powerpagesiteid>
  <statecode>0</statecode>
  <statuscode>1</statuscode>
</powerpagecomponent>