<powerpagecomponent powerpagecomponentid="bd761859-bd02-4601-b0ff-c0a674248464">
  <content>{"disablepagevalidation":false,"displayimageonly":false,"displayorder":1,"displaypagechildlinks":false,"openinnewwindow":false,"pageid":"c0c42595-6d90-4a49-9e78-cb6d9e66b371","publishingstateid":"8862e89a-e13d-4c4e-9719-6fa1b74e7ccc","robotsfollowlink":true,"weblinksetid":"a2e158fc-709d-4dfb-b698-04db7088ccc5"}</content>
  <iscustomizable>1</iscustomizable>
  <name>Home</name>
  <powerpagecomponenttype>5</powerpagecomponenttype>
  <powerpagesiteid>
    <powerpagesiteid>5d10b291-67dd-425e-b96c-73b918f8dc4d</powerpagesiteid>
  </powerpagesiteid>
  <statecode>0</statecode>
  <statuscode>1</statuscode>
</powerpagecomponent>