<powerpagecomponent powerpagecomponentid="64179296-2ab5-4bd8-a643-05d004c4d581">
  <content>{
  "filecontent": null,
  "displayorder": 6,
  "parentweblinkid": null,
  "weblinksetid": "a2e158fc-709d-4dfb-b698-04db7088ccc5",
  "pageid": "1f9fe46f-be7d-94aa-cf34-cc839e546c8b",
  "publishingstateid": "8862e89a-e13d-4c4e-9719-6fa1b74e7ccc",
  "displaypagevalidation": false,
  "displayimageonly": false,
  "displaypagechildlinks": false,
  "openinnewwindow": false,
  "robotsfollowlink": true
}</content>
  <iscustomizable>1</iscustomizable>
  <name>Maintenance Tips</name>
  <powerpagecomponenttype>5</powerpagecomponenttype>
  <powerpagesiteid>
    <powerpagesiteid>5d10b291-67dd-425e-b96c-73b918f8dc4d</powerpagesiteid>
  </powerpagesiteid>
  <statecode>0</statecode>
  <statuscode>1</statuscode>
</powerpagecomponent>