<powerpagecomponent powerpagecomponentid="778997a6-c0c8-4978-ac0f-c78e4915340c">
  <content>{
  "filecontent": null,
  "copy": "&lt;div id=\"ifg3jz\" class=\"row sectionBlockLayout text-left\" style=\"display: flex; flex-wrap: wrap; padding: 8px; margin: 0px; min-height: 361px;\"&gt;\n  &lt;div id=\"it40yg\" class=\"container\" style=\"display: flex; flex-wrap: wrap;\"&gt;\n    &lt;div id=\"i4536h\" class=\"col-md-12 columnBlockLayout\" style=\"word-break: break-word; flex-grow: 1; min-width: 300px; display: flex; flex-direction: column;\"&gt;\n      &lt;h1&gt;Pages&lt;/h1&gt;\n      &lt;p&gt;This section can be used to introduce the contents of the subpages and encourage your target audience to explore those pages. If this content gets too long, consider splitting it into two smaller paragraphs.&lt;/p&gt;\n    &lt;/div&gt;\n  &lt;/div&gt;\n&lt;/div&gt;\n&lt;div id=\"insc6f\" class=\"row sectionBlockLayout\" style=\"display: flex; flex-wrap: wrap; margin: 0px; text-align: center; min-height: auto; padding: 8px;\"&gt;\n  &lt;div id=\"i67nq9\" class=\"container\" style=\"display: flex; flex-wrap: wrap;\"&gt;\n    &lt;div id=\"i4cvwp\" class=\"col-md-6 columnBlockLayout\" style=\"word-break: break-word; flex-grow: 1; min-width: 300px; display: flex; flex-direction: column; margin-left: 0px; margin-right: 0px;\"&gt;\n      &lt;img src=\"/Copy-number-1.png\" alt=\"Number 1\" name=\"Copy-number-1.png\" id=\"igkklk\" style=\"max-width: 47%; width: 100%; height: auto; background-color: #fafafa;\" /&gt;\n      &lt;h3 id=\"i1vhtc\" style=\"text-align: left;\"&gt;Featured Item 1&lt;/h3&gt;\n      &lt;p id=\"i8vp8e\" style=\"text-align: left;\"&gt;Create a short description or engaging message to motivate your audience to find out more about this item.&lt;/p&gt;\n    &lt;/div&gt;\n    &lt;div id=\"ibj0mf\" class=\"col-md-6 columnBlockLayout\" style=\"word-break: break-word; flex-grow: 1; min-width: 300px; display: flex; flex-direction: column; margin-left: 0px; margin-right: 0px;\"&gt;\n      &lt;img src=\"/Copy-number-2.png\" alt=\"Number 2\" name=\"Copy-number-2.png\" id=\"ixxlzv\" style=\"max-width: 47%; width: 100%; height: auto; background-color: #fafafa;\" /&gt;\n      &lt;h3 id=\"i6ihp6\" style=\"text-align: left;\"&gt;Featured Item 2&lt;/h3&gt;\n      &lt;p id=\"ip2hyk\" style=\"text-align: left;\"&gt;Create a short description or engaging message to motivate your audience to find out more about this item.&lt;/p&gt;\n    &lt;/div&gt;\n  &lt;/div&gt;\n&lt;/div&gt;\n&lt;div data-component-theme=\"portalThemeColor1\" id=\"izmzkf\" class=\"row sectionBlockLayout text-left\" style=\"display: flex; flex-wrap: wrap; margin: 0px; min-height: auto; padding: 8px;\"&gt;\n  &lt;div id=\"iir7y3\" class=\"container\" style=\"padding: 0px; display: flex; flex-wrap: wrap;\"&gt;\n    &lt;div id=\"ixm1bf\" class=\"col-md-12 columnBlockLayout\" style=\"word-break: break-word; flex-grow: 1; display: flex; flex-direction: column; min-width: 300px;\"&gt;\n      &lt;h1&gt;Introduce another idea&lt;/h1&gt;\n      &lt;p&gt;This section can be used to offer supporting information or introduce a new idea. Common topics include a summary of your organizations mission, people or an upcoming event with links to provide more information&lt;/p&gt;\n      &lt;button class=\"button1\"&gt;Add a call to action here&lt;/button&gt;\n    &lt;/div&gt;\n  &lt;/div&gt;\n&lt;/div&gt;\n",
  "displayorder": 2,
  "enablerating": false,
  "enabletracking": false,
  "excludefromsearch": false,
  "feedbackpolicy": 756150000,
  "hiddenfromsitemap": false,
  "isroot": false,
  "pagetemplateid": "a1dd5d8b-8297-4fda-8a70-98fece95833c",
  "parentpageid": "c0c42595-6d90-4a49-9e78-cb6d9e66b371",
  "partialurl": "Page-deleted",
  "publishingstateid": "8862e89a-e13d-4c4e-9719-6fa1b74e7ccc",
  "rootwebpageid": "9a0d8499-8867-4461-aaf3-782478adbabf",
  "sharedpageconfiguration": true,
  "summary": "&lt;p&gt;This is a sample landing page designed to be a starting point for your website&lt;/p&gt;",
  "title": "Page"
}</content>
  <iscustomizable>1</iscustomizable>
  <name>Page-deleted</name>
  <powerpagecomponenttype>2</powerpagecomponenttype>
  <powerpagesiteid>
    <powerpagesiteid>5d10b291-67dd-425e-b96c-73b918f8dc4d</powerpagesiteid>
  </powerpagesiteid>
  <powerpagesitelanguageid>
    <powerpagesitelanguageid>2e4d3f25-ce8f-421f-9a20-1d41af4dc6c2</powerpagesitelanguageid>
  </powerpagesitelanguageid>
  <searchcontent>Page&lt;div id="ifg3jz" class="row sectionBlockLayout text-left" style="display: flex; flex-wrap: wrap; padding: 8px; margin: 0px; min-height: 361px;"&gt;
  &lt;div id="it40yg" class="container" style="display: flex; flex-wrap: wrap;"&gt;
    &lt;div id="i4536h" class="col-md-12 columnBlockLayout" style="word-break: break-word; flex-grow: 1; min-width: 300px; display: flex; flex-direction: column;"&gt;
      &lt;h1&gt;Pages&lt;/h1&gt;
      &lt;p&gt;This section can be used to introduce the contents of the subpages and encourage your target audience to explore those pages. If this content gets too long, consider splitting it into two smaller paragraphs.&lt;/p&gt;
    &lt;/div&gt;
  &lt;/div&gt;
&lt;/div&gt;
&lt;div id="insc6f" class="row sectionBlockLayout" style="display: flex; flex-wrap: wrap; margin: 0px; text-align: center; min-height: auto; padding: 8px;"&gt;
  &lt;div id="i67nq9" class="container" style="display: flex; flex-wrap: wrap;"&gt;
    &lt;div id="i4cvwp" class="col-md-6 columnBlockLayout" style="word-break: break-word; flex-grow: 1; min-width: 300px; display: flex; flex-direction: column; margin-left: 0px; margin-right: 0px;"&gt;
      &lt;img src="/Copy-number-1.png" alt="Number 1" name="Copy-number-1.png" id="igkklk" style="max-width: 47%; width: 100%; height: auto; background-color: #fafafa;" /&gt;
      &lt;h3 id="i1vhtc" style="text-align: left;"&gt;Featured Item 1&lt;/h3&gt;
      &lt;p id="i8vp8e" style="text-align: left;"&gt;Create a short description or engaging message to motivate your audience to find out more about this item.&lt;/p&gt;
    &lt;/div&gt;
    &lt;div id="ibj0mf" class="col-md-6 columnBlockLayout" style="word-break: break-word; flex-grow: 1; min-width: 300px; display: flex; flex-direction: column; margin-left: 0px; margin-right: 0px;"&gt;
      &lt;img src="/Copy-number-2.png" alt="Number 2" name="Copy-number-2.png" id="ixxlzv" style="max-width: 47%; width: 100%; height: auto; background-color: #fafafa;" /&gt;
      &lt;h3 id="i6ihp6" style="text-align: left;"&gt;Featured Item 2&lt;/h3&gt;
      &lt;p id="ip2hyk" style="text-align: left;"&gt;Create a short description or engaging message to motivate your audience to find out more about this item.&lt;/p&gt;
    &lt;/div&gt;
  &lt;/div&gt;
&lt;/div&gt;
&lt;div data-component-theme="portalThemeColor1" id="izmzkf" class="row sectionBlockLayout text-left" style="display: flex; flex-wrap: wrap; margin: 0px; min-height: auto; padding: 8px;"&gt;
  &lt;div id="iir7y3" class="container" style="padding: 0px; display: flex; flex-wrap: wrap;"&gt;
    &lt;div id="ixm1bf" class="col-md-12 columnBlockLayout" style="word-break: break-word; flex-grow: 1; display: flex; flex-direction: column; min-width: 300px;"&gt;
      &lt;h1&gt;Introduce another idea&lt;/h1&gt;
      &lt;p&gt;This section can be used to offer supporting information or introduce a new idea. Common topics include a summary of your organizations mission, people or an upcoming event with links to provide more information&lt;/p&gt;
      &lt;button class="button1"&gt;Add a call to action here&lt;/button&gt;
    &lt;/div&gt;
  &lt;/div&gt;
&lt;/div&gt;
Page-deleted</searchcontent>
  <statecode>1</statecode>
  <statuscode>2</statuscode>
</powerpagecomponent>