<powerpagecomponent powerpagecomponentid="00018f5d-e28a-4ef0-a5db-c685212ee61d">
  <content>{"description":"Set whether the header web template is output cached.","value":"True"}</content>
  <iscustomizable>1</iscustomizable>
  <name>Header/OutputCache/Enabled</name>
  <powerpagecomponenttype>9</powerpagecomponenttype>
  <powerpagesiteid>
    <powerpagesiteid>5d10b291-67dd-425e-b96c-73b918f8dc4d</powerpagesiteid>
  </powerpagesiteid>
  <statecode>0</statecode>
  <statuscode>1</statuscode>
</powerpagecomponent>