<powerpagecomponent powerpagecomponentid="8b5ff86f-194e-4f55-887f-1e1603b73830">
  <content>{"enablerating":false,"enabletracking":false,"excludefromsearch":false,"feedbackpolicy":756150000,"hiddenfromsitemap":true,"isroot":false,"pagetemplateid":"a0bdcf9c-998b-4bf3-aa3e-3aee21548aae","parentpageid":"c0c42595-6d90-4a49-9e78-cb6d9e66b371","partialurl":"search","publishingstateid":"8862e89a-e13d-4c4e-9719-6fa1b74e7ccc","rootwebpageid":"a6f0feee-798e-4d3c-a3cf-eecd77da73fd","sharedpageconfiguration":false}</content>
  <iscustomizable>1</iscustomizable>
  <name>Search</name>
  <powerpagecomponenttype>2</powerpagecomponenttype>
  <powerpagesiteid>
    <powerpagesiteid>5d10b291-67dd-425e-b96c-73b918f8dc4d</powerpagesiteid>
  </powerpagesiteid>
  <powerpagesitelanguageid>
    <powerpagesitelanguageid>2e4d3f25-ce8f-421f-9a20-1d41af4dc6c2</powerpagesitelanguageid>
  </powerpagesitelanguageid>
  <searchcontent>Search</searchcontent>
  <statecode>0</statecode>
  <statuscode>1</statuscode>
</powerpagecomponent>