<powerpagecomponent powerpagecomponentid="fe423749-75c7-34f0-5557-ac4cc97e55c8">
  <content>{
  "filecontent": null,
  "displayorder": 8,
  "parentweblinkid": null,
  "weblinksetid": "a2e158fc-709d-4dfb-b698-04db7088ccc5",
  "pageid": "64293c9e-ec51-031d-aae2-4c096f76b37d",
  "publishingstateid": "8862e89a-e13d-4c4e-9719-6fa1b74e7ccc",
  "displaypagevalidation": false,
  "displayimageonly": false,
  "displaypagechildlinks": false,
  "openinnewwindow": false,
  "robotsfollowlink": true
}</content>
  <iscustomizable>1</iscustomizable>
  <name>Services</name>
  <powerpagecomponenttype>5</powerpagecomponenttype>
  <powerpagesiteid>
    <powerpagesiteid>5d10b291-67dd-425e-b96c-73b918f8dc4d</powerpagesiteid>
  </powerpagesiteid>
  <statecode>0</statecode>
  <statuscode>1</statuscode>
</powerpagecomponent>