<powerpagecomponent powerpagecomponentid="ffa2f3e4-adc0-480d-9d09-ee156e4ad895">
  <content>{"contentdisposition":756150000,"enabletracking":false,"excludefromsearch":false,"hiddenfromsitemap":false,"parentpageid":"c0c42595-6d90-4a49-9e78-cb6d9e66b371","partialurl":"Copy-number-2.png","publishingstateid":"8862e89a-e13d-4c4e-9719-6fa1b74e7ccc"}</content>
  <filecontent mimetype="application/octet-stream">Copy-number-2.png</filecontent>
  <iscustomizable>1</iscustomizable>
  <name>Copy-number-2.png</name>
  <powerpagecomponenttype>3</powerpagecomponenttype>
  <powerpagesiteid>
    <powerpagesiteid>5d10b291-67dd-425e-b96c-73b918f8dc4d</powerpagesiteid>
  </powerpagesiteid>
  <statecode>0</statecode>
  <statuscode>1</statuscode>
</powerpagecomponent>