<powerpagecomponent powerpagecomponentid="d388afd6-6825-419a-9963-a9587563aa97">
  <content>{"display_name":"Header/Toggle Navigation","type":756150001,"value":"Toggle navigation\r\n"}</content>
  <iscustomizable>1</iscustomizable>
  <name>Header/Toggle Navigation</name>
  <powerpagecomponenttype>7</powerpagecomponenttype>
  <powerpagesiteid>
    <powerpagesiteid>5d10b291-67dd-425e-b96c-73b918f8dc4d</powerpagesiteid>
  </powerpagesiteid>
  <powerpagesitelanguageid>
    <powerpagesitelanguageid>2e4d3f25-ce8f-421f-9a20-1d41af4dc6c2</powerpagesitelanguageid>
  </powerpagesitelanguageid>
  <statecode>0</statecode>
  <statuscode>1</statuscode>
</powerpagecomponent>