<powerpagecomponent powerpagecomponentid="7e52dd04-31cc-4eb7-be01-10fd63b5c96f">
  <content>{
  "filecontent": null,
  "disablepagevalidation": false,
  "displayimageonly": false,
  "displayorder": 11,
  "displaypagechildlinks": false,
  "openinnewwindow": false,
  "pageid": "9a0d8499-8867-4461-aaf3-782478adbabf",
  "publishingstateid": "8862e89a-e13d-4c4e-9719-6fa1b74e7ccc",
  "robotsfollowlink": true,
  "weblinksetid": "a2e158fc-709d-4dfb-b698-04db7088ccc5",
  "parentweblinkid": null
}</content>
  <iscustomizable>1</iscustomizable>
  <name>Page-deleted</name>
  <powerpagecomponenttype>5</powerpagecomponenttype>
  <powerpagesiteid>
    <powerpagesiteid>5d10b291-67dd-425e-b96c-73b918f8dc4d</powerpagesiteid>
  </powerpagesiteid>
  <statecode>1</statecode>
  <statuscode>2</statuscode>
</powerpagecomponent>