<powerpagecomponent powerpagecomponentid="bf5ff9ed-1ae5-8b8e-27c3-43b5b603c043">
  <content>{
  "filecontent": null,
  "displayorder": 4,
  "customcss": "",
  "customjavascript": "",
  "pagetemplateid": "a1dd5d8b-8297-4fda-8a70-98fece95833c",
  "parentpageid": "c0c42595-6d90-4a49-9e78-cb6d9e66b371",
  "partialurl": "My-Requests-Page",
  "isroot": false,
  "rootwebpageid": "af8af78c-ade3-3f16-6911-4fe156d2647c",
  "title": "My Requests Page",
  "summary": "&lt;p&gt;This is a sample landing page designed to be a starting point for your website&lt;/p&gt;",
  "copy": "&lt;div id=\"ioj1se\" class=\"row sectionBlockLayout text-left\" style=\"display: flex; flex-wrap: wrap; margin: 0px; min-height: auto; padding: 8px; height: 174px;\"&gt;\n  &lt;div id=\"ip4xc8\" class=\"container\" style=\"padding: 0px; display: flex; flex-wrap: wrap;\"&gt;\n    &lt;div id=\"i0vdc2\" class=\"col-md-12 columnBlockLayout\" style=\"flex-grow: 1; display: flex; flex-direction: column; min-width: 250px; word-break: break-word;\"&gt;&lt;h1 id=\"ife4fp\" style=\"text-align: left;\"&gt;Current Requests:&lt;/h1&gt;&lt;/div&gt;\n  &lt;/div&gt;\n&lt;/div&gt;\n&lt;div id=\"i5riu5\" data-component-theme=\"\" class=\"row sectionBlockLayout text-left\" style=\"display: flex; flex-wrap: wrap; margin: 0px; min-height: auto; padding: 8px; background-position: center center; background-repeat: no-repeat; background-size: cover;\"&gt;\n  &lt;div id=\"i1rf3a\" class=\"container\" style=\"padding: 0px; display: flex; flex-wrap: wrap;\"&gt;&lt;div id=\"i95gp3\" class=\"col-md-12 columnBlockLayout\" style=\"flex-grow: 1; display: flex; flex-direction: column; min-width: 250px; word-break: break-word;\"&gt;{% include 'entity_list' key: 'Services' %}&lt;/div&gt;&lt;/div&gt;\n&lt;/div&gt;\n&lt;div id=\"ikku04\" data-component-theme=\"\" class=\"row sectionBlockLayout text-left\" style='display: flex; flex-wrap: wrap; margin: 0px; min-height: auto; padding: 8px; background-image: url(\"/2560x1600-up-forest-green-solid-color-background.jpg\"); background-position: center center; background-repeat: no-repeat; background-size: cover;'&gt;\n  &lt;div id=\"i91aa9\" class=\"container\" style=\"padding: 0px; display: flex; flex-wrap: wrap;\"&gt;\n    &lt;div id=\"iq6gqf\" class=\"col-md-12 columnBlockLayout\" style=\"flex-grow: 1; display: flex; flex-direction: column; min-width: 250px; word-break: break-word;\"&gt;\n      &lt;h2 id=\"ij9hfs\" style=\"text-align: left; color: var(--portalThemeColor7);\"&gt;Have Questions About Your Landscaping Requests?&amp;nbsp;&lt;/h2&gt;\n      &lt;p id=\"iuq3nk\" style=\"color: var(--portalThemeColor7);\"&gt;We're here to help! If you have any inquiries or need assistance regarding your landscaping requests, our dedicated team is ready to provide support. Whether you're seeking clarification on the status of a specific project, need guidance on how to use our portal, or have any other questions related to our landscaping services, we're just a phone call away.&lt;/p&gt;\n    &lt;/div&gt;\n  &lt;/div&gt;\n&lt;/div&gt;\n",
  "publishingstateid": "8862e89a-e13d-4c4e-9719-6fa1b74e7ccc",
  "enablerating": false,
  "enabletracking": false,
  "excludefromsearch": false,
  "hiddenfromsitemap": true,
  "sharedpageconfiguration": false
}</content>
  <iscustomizable>1</iscustomizable>
  <name>My Requests</name>
  <powerpagecomponenttype>2</powerpagecomponenttype>
  <powerpagesiteid>
    <powerpagesiteid>5d10b291-67dd-425e-b96c-73b918f8dc4d</powerpagesiteid>
  </powerpagesiteid>
  <powerpagesitelanguageid>
    <powerpagesitelanguageid>2e4d3f25-ce8f-421f-9a20-1d41af4dc6c2</powerpagesitelanguageid>
  </powerpagesitelanguageid>
  <searchcontent>My Requests Page&lt;div id="ioj1se" class="row sectionBlockLayout text-left" style="display: flex; flex-wrap: wrap; margin: 0px; min-height: auto; padding: 8px; height: 174px;"&gt;
  &lt;div id="ip4xc8" class="container" style="padding: 0px; display: flex; flex-wrap: wrap;"&gt;
    &lt;div id="i0vdc2" class="col-md-12 columnBlockLayout" style="flex-grow: 1; display: flex; flex-direction: column; min-width: 250px; word-break: break-word;"&gt;&lt;h1 id="ife4fp" style="text-align: left;"&gt;Current Requests:&lt;/h1&gt;&lt;/div&gt;
  &lt;/div&gt;
&lt;/div&gt;
&lt;div id="i5riu5" data-component-theme="" class="row sectionBlockLayout text-left" style="display: flex; flex-wrap: wrap; margin: 0px; min-height: auto; padding: 8px; background-position: center center; background-repeat: no-repeat; background-size: cover;"&gt;
  &lt;div id="i1rf3a" class="container" style="padding: 0px; display: flex; flex-wrap: wrap;"&gt;&lt;div id="i95gp3" class="col-md-12 columnBlockLayout" style="flex-grow: 1; display: flex; flex-direction: column; min-width: 250px; word-break: break-word;"&gt;{% include 'entity_list' key: 'Services' %}&lt;/div&gt;&lt;/div&gt;
&lt;/div&gt;
&lt;div id="ikku04" data-component-theme="" class="row sectionBlockLayout text-left" style='display: flex; flex-wrap: wrap; margin: 0px; min-height: auto; padding: 8px; background-image: url("/2560x1600-up-forest-green-solid-color-background.jpg"); background-position: center center; background-repeat: no-repeat; background-size: cover;'&gt;
  &lt;div id="i91aa9" class="container" style="padding: 0px; display: flex; flex-wrap: wrap;"&gt;
    &lt;div id="iq6gqf" class="col-md-12 columnBlockLayout" style="flex-grow: 1; display: flex; flex-direction: column; min-width: 250px; word-break: break-word;"&gt;
      &lt;h2 id="ij9hfs" style="text-align: left; color: var(--portalThemeColor7);"&gt;Have Questions About Your Landscaping Requests?&amp;nbsp;&lt;/h2&gt;
      &lt;p id="iuq3nk" style="color: var(--portalThemeColor7);"&gt;We're here to help! If you have any inquiries or need assistance regarding your landscaping requests, our dedicated team is ready to provide support. Whether you're seeking clarification on the status of a specific project, need guidance on how to use our portal, or have any other questions related to our landscaping services, we're just a phone call away.&lt;/p&gt;
    &lt;/div&gt;
  &lt;/div&gt;
&lt;/div&gt;
My Requests</searchcontent>
  <statecode>0</statecode>
  <statuscode>1</statuscode>
</powerpagecomponent>