<powerpagecomponent powerpagecomponentid="dc714688-1b75-4480-9424-7427d27c4bf6">
  <content>{"source":"&lt;div class=\"container\"&gt;\r &lt;div class=\"page-heading\"&gt;\r  {% block breadcrumbs %}\r      {% include 'Breadcrumbs' %}\r    {% endblock %}\r  {% block title %}\r    {% include 'Page Header' %}\r  {% endblock %}\r &lt;/div&gt;\r &lt;div class=\"row\"&gt;\r  &lt;div class=\"col-sm-8 col-lg-8 left-column\"&gt;\r   {% block main %}\r    {% include 'Page Copy' %}\r   {% endblock %}\r  &lt;/div&gt;\r  &lt;div class=\"col-sm-4 col-lg-4 right-column\"&gt;\r   {% block aside %}{% endblock %}\r  &lt;/div&gt;\r &lt;/div&gt;\r&lt;/div&gt;"}</content>
  <iscustomizable>1</iscustomizable>
  <name>Layout 2 Column Wide Left</name>
  <powerpagecomponenttype>8</powerpagecomponenttype>
  <powerpagesiteid>
    <powerpagesiteid>5d10b291-67dd-425e-b96c-73b918f8dc4d</powerpagesiteid>
  </powerpagesiteid>
  <statecode>0</statecode>
  <statuscode>1</statuscode>
</powerpagecomponent>