<powerpagecomponent powerpagecomponentid="b224dfa4-4d34-4fdc-b2f3-affae63f76fc">
  <content>{
  "powerpagesitelanguageid": "2e4d3f25-ce8f-421f-9a20-1d41af4dc6c2",
  "filecontent": null,
  "display_name": "Site name",
  "type": 756150000,
  "value": ""
}</content>
  <iscustomizable>1</iscustomizable>
  <name>Site name</name>
  <powerpagecomponenttype>7</powerpagecomponenttype>
  <powerpagesiteid>
    <powerpagesiteid>5d10b291-67dd-425e-b96c-73b918f8dc4d</powerpagesiteid>
  </powerpagesiteid>
  <powerpagesitelanguageid>
    <powerpagesitelanguageid>2e4d3f25-ce8f-421f-9a20-1d41af4dc6c2</powerpagesitelanguageid>
  </powerpagesitelanguageid>
  <statecode>0</statecode>
  <statuscode>1</statuscode>
</powerpagecomponent>