<powerpagecomponent powerpagecomponentid="cbfcebaa-3901-40a5-8c2a-12c0b1712bec">
  <content>{"contentdisposition":756150000,"displayorder":10,"enabletracking":false,"excludefromsearch":true,"hiddenfromsitemap":false,"parentpageid":"c0c42595-6d90-4a49-9e78-cb6d9e66b371","partialurl":"portalbasictheme.css","publishingstateid":"8862e89a-e13d-4c4e-9719-6fa1b74e7ccc"}</content>
  <filecontent mimetype="application/octet-stream">portalbasictheme.css</filecontent>
  <iscustomizable>1</iscustomizable>
  <name>portalbasictheme.css</name>
  <powerpagecomponenttype>3</powerpagecomponenttype>
  <powerpagesiteid>
    <powerpagesiteid>5d10b291-67dd-425e-b96c-73b918f8dc4d</powerpagesiteid>
  </powerpagesiteid>
  <statecode>0</statecode>
  <statuscode>1</statuscode>
</powerpagecomponent>