{
  "properties": {
    "connectionReferences": {
      "shared_commondataserviceforapps": {
        "runtimeSource": "embedded",
        "connection": {
          "connectionReferenceLogicalName": "project3_sharedcommondataserviceforapps_9ca83"
        },
        "api": {
          "name": "shared_commondataserviceforapps"
        }
      }
    },
    "definition": {
      "$schema": "https://schema.management.azure.com/providers/Microsoft.Logic/schemas/2016-06-01/workflowdefinition.json#",
      "contentVersion": "1.0.0.0",
      "parameters": {
        "$connections": {
          "defaultValue": {},
          "type": "Object"
        },
        "$authentication": {
          "defaultValue": {},
          "type": "SecureObject"
        }
      },
      "triggers": {
        "When_a_project_is_assigned_to_an_equipment": {
          "metadata": {
            "operationMetadataId": "431ffd07-9ac3-4868-b184-8dee8771e020"
          },
          "type": "OpenApiConnectionWebhook",
          "inputs": {
            "host": {
              "connectionName": "shared_commondataserviceforapps",
              "operationId": "SubscribeWebhookTrigger",
              "apiId": "/providers/Microsoft.PowerApps/apis/shared_commondataserviceforapps"
            },
            "parameters": {
              "subscriptionRequest/message": 1,
              "subscriptionRequest/entityname": "project3_equipment",
              "subscriptionRequest/scope": 4
            },
            "authentication": "@parameters('$authentication')"
          }
        }
      },
      "actions": {
        "Add_a_new_record_to_Project_Expenses": {
          "runAfter": {
            "Initialize_price_variable": [
              "Succeeded"
            ]
          },
          "metadata": {
            "operationMetadataId": "1f700dae-ece5-4018-b1ff-e00ad7573ddb"
          },
          "type": "OpenApiConnection",
          "inputs": {
            "host": {
              "connectionName": "shared_commondataserviceforapps",
              "operationId": "CreateRecord",
              "apiId": "/providers/Microsoft.PowerApps/apis/shared_commondataserviceforapps"
            },
            "parameters": {
              "entityName": "project3_projectexpenses",
              "item/project3_cost": "@mul(variables('quantity'), 200)",
              "item/project3_name": "Equipment Cost",
              "item/project3_Project@odata.bind": "project3_projects(@{outputs('Get_project_info')?['body/project3_projectid']})",
              "item/project3_description": "This is for project @{outputs('Get_project_info')?['body/project3_name']} and the equipments that are allocated.",
              "item/statuscode": 1
            },
            "authentication": "@parameters('$authentication')"
          }
        },
        "Get_project_info": {
          "runAfter": {},
          "metadata": {
            "operationMetadataId": "81c3bb5f-4f8e-444d-a812-1cf81925cdcc"
          },
          "type": "OpenApiConnection",
          "inputs": {
            "host": {
              "connectionName": "shared_commondataserviceforapps",
              "operationId": "GetItem",
              "apiId": "/providers/Microsoft.PowerApps/apis/shared_commondataserviceforapps"
            },
            "parameters": {
              "entityName": "project3_projects",
              "recordId": "@triggerOutputs()?['body/_project3_project_value']"
            },
            "authentication": "@parameters('$authentication')"
          }
        },
        "Initialize_quantity_variable": {
          "runAfter": {
            "Get_project_info": [
              "Succeeded"
            ]
          },
          "metadata": {
            "operationMetadataId": "97dc26a2-b51e-46e2-8264-cb750151d3fe"
          },
          "type": "InitializeVariable",
          "inputs": {
            "variables": [
              {
                "name": "quantity",
                "type": "integer",
                "value": "@triggerOutputs()?['body/project3_quantity']"
              }
            ]
          }
        },
        "Initialize_price_variable": {
          "runAfter": {
            "Initialize_quantity_variable": [
              "Succeeded"
            ]
          },
          "metadata": {
            "operationMetadataId": "0d6e354a-55f9-442b-a5e1-055a020482ef"
          },
          "type": "InitializeVariable",
          "inputs": {
            "variables": [
              {
                "name": "price",
                "type": "integer",
                "value": 200
              }
            ]
          }
        }
      }
    },
    "templateName": ""
  },
  "schemaVersion": "1.0.0.0"
}