{
  "properties": {
    "connectionReferences": {
      "shared_commondataserviceforapps": {
        "runtimeSource": "embedded",
        "connection": {
          "connectionReferenceLogicalName": "project3_sharedcommondataserviceforapps_95a27"
        },
        "api": {
          "name": "shared_commondataserviceforapps"
        }
      }
    },
    "definition": {
      "$schema": "https://schema.management.azure.com/providers/Microsoft.Logic/schemas/2016-06-01/workflowdefinition.json#",
      "contentVersion": "1.0.0.0",
      "parameters": {
        "$connections": {
          "defaultValue": {},
          "type": "Object"
        },
        "$authentication": {
          "defaultValue": {},
          "type": "SecureObject"
        }
      },
      "triggers": {
        "When_a_row_is_added,_modified_or_deleted": {
          "metadata": {
            "operationMetadataId": "ef41ae84-1faf-48ac-8b1b-de3ee6bf49f8"
          },
          "type": "OpenApiConnectionWebhook",
          "inputs": {
            "host": {
              "connectionName": "shared_commondataserviceforapps",
              "operationId": "SubscribeWebhookTrigger",
              "apiId": "/providers/Microsoft.PowerApps/apis/shared_commondataserviceforapps"
            },
            "parameters": {
              "subscriptionRequest/message": 1,
              "subscriptionRequest/entityname": "project3_address",
              "subscriptionRequest/scope": 4
            },
            "authentication": "@parameters('$authentication')"
          }
        }
      },
      "actions": {
        "Update_a_row": {
          "runAfter": {
            "Street_Line_2_Contains_Data": [
              "Succeeded"
            ]
          },
          "metadata": {
            "operationMetadataId": "50b2b8ce-a1aa-48fe-81c1-9acac07db465"
          },
          "type": "OpenApiConnection",
          "inputs": {
            "host": {
              "connectionName": "shared_commondataserviceforapps",
              "operationId": "UpdateRecord",
              "apiId": "/providers/Microsoft.PowerApps/apis/shared_commondataserviceforapps"
            },
            "parameters": {
              "entityName": "project3_addresses",
              "recordId": "@triggerOutputs()?['body/project3_addressid']",
              "item/project3_name": "@variables('addressName')"
            },
            "authentication": "@parameters('$authentication')"
          }
        },
        "Street_Line_2_Contains_Data": {
          "actions": {
            "Street_Line_3_Contains_Data": {
              "actions": {
                "Set_variable": {
                  "runAfter": {},
                  "metadata": {
                    "operationMetadataId": "12fd2667-9c8e-49c1-9f69-3e8eb5c8410a"
                  },
                  "type": "SetVariable",
                  "inputs": {
                    "name": "addressName",
                    "value": "@{triggerBody()?['project3_streetline1']}\n@{triggerBody()?['project3_streetline2']}\n@{triggerBody()?['project3_streetline3']}\n@{triggerBody()?['project3_city']}, @{triggerBody()?['project3_stateprovince']} @{triggerBody()?['project3_zippostalcode']}"
                  }
                }
              },
              "runAfter": {},
              "else": {
                "actions": {
                  "Set_variable_1": {
                    "runAfter": {},
                    "metadata": {
                      "operationMetadataId": "bc90308c-e0c3-4062-8340-d2f9c8b20a5b"
                    },
                    "type": "SetVariable",
                    "inputs": {
                      "name": "addressName",
                      "value": "@{triggerBody()?['project3_streetline1']}\n@{triggerBody()?['project3_streetline2']}\n@{triggerBody()?['project3_city']}, @{triggerBody()?['project3_stateprovince']} @{triggerOutputs()?['body/project3_zippostalcode']}"
                    }
                  }
                }
              },
              "expression": {
                "and": [
                  {
                    "not": {
                      "equals": [
                        "@triggerBody()?['project3_streetline3']",
                        "@null"
                      ]
                    }
                  }
                ]
              },
              "metadata": {
                "operationMetadataId": "48f632be-9f11-468b-aaee-5f63d5ab81de"
              },
              "type": "If"
            }
          },
          "runAfter": {
            "Initialize_variable": [
              "Succeeded"
            ]
          },
          "else": {
            "actions": {
              "Set_variable_2": {
                "runAfter": {},
                "metadata": {
                  "operationMetadataId": "0fbb82f2-1583-49c9-b42d-be3d56248cad"
                },
                "type": "SetVariable",
                "inputs": {
                  "name": "addressName",
                  "value": "@{triggerBody()?['project3_streetline1']}\n@{triggerBody()?['project3_city']}, @{triggerBody()?['project3_stateprovince']} @{triggerBody()?['project3_zippostalcode']}"
                }
              }
            }
          },
          "expression": {
            "and": [
              {
                "not": {
                  "equals": [
                    "@triggerOutputs()?['body/project3_streetline2']",
                    "@null"
                  ]
                }
              }
            ]
          },
          "metadata": {
            "operationMetadataId": "7b776700-0320-4a82-bf0e-651878a9132b"
          },
          "type": "If"
        },
        "Initialize_variable": {
          "runAfter": {},
          "metadata": {
            "operationMetadataId": "7cff8be0-7503-4564-90ad-0d52ecb0d314"
          },
          "type": "InitializeVariable",
          "inputs": {
            "variables": [
              {
                "name": "addressName",
                "type": "string"
              }
            ]
          }
        }
      }
    },
    "templateName": ""
  },
  "schemaVersion": "1.0.0.0"
}