{
  "properties": {
    "connectionReferences": {
      "shared_commondataserviceforapps": {
        "runtimeSource": "embedded",
        "connection": {
          "connectionReferenceLogicalName": "project3_sharedcommondataserviceforapps_3c921"
        },
        "api": {
          "name": "shared_commondataserviceforapps"
        }
      },
      "shared_office365": {
        "runtimeSource": "embedded",
        "connection": {
          "connectionReferenceLogicalName": "project3_sharedoffice365_e190c"
        },
        "api": {
          "name": "shared_office365"
        }
      }
    },
    "definition": {
      "$schema": "https://schema.management.azure.com/providers/Microsoft.Logic/schemas/2016-06-01/workflowdefinition.json#",
      "contentVersion": "1.0.0.0",
      "parameters": {
        "$connections": {
          "defaultValue": {},
          "type": "Object"
        },
        "$authentication": {
          "defaultValue": {},
          "type": "SecureObject"
        }
      },
      "triggers": {
        "When_a_row_is_added,_modified_or_deleted": {
          "metadata": {
            "operationMetadataId": "b0f26080-5dfe-443f-b6bf-e1f97272935c"
          },
          "type": "OpenApiConnectionWebhook",
          "inputs": {
            "host": {
              "connectionName": "shared_commondataserviceforapps",
              "operationId": "SubscribeWebhookTrigger",
              "apiId": "/providers/Microsoft.PowerApps/apis/shared_commondataserviceforapps"
            },
            "parameters": {
              "subscriptionRequest/message": 1,
              "subscriptionRequest/entityname": "project3_servicerequest",
              "subscriptionRequest/scope": 4
            },
            "authentication": "@parameters('$authentication')"
          }
        }
      },
      "actions": {
        "Get_CPO_info": {
          "runAfter": {
            "Update_Service_Request_to_Received_": [
              "Succeeded"
            ]
          },
          "metadata": {
            "operationMetadataId": "f8369c71-945b-45f1-9303-e92b1f1d42a5"
          },
          "type": "OpenApiConnection",
          "inputs": {
            "host": {
              "connectionName": "shared_commondataserviceforapps",
              "operationId": "ListRecords",
              "apiId": "/providers/Microsoft.PowerApps/apis/shared_commondataserviceforapps"
            },
            "parameters": {
              "entityName": "systemusers",
              "$filter": "jobtitle eq 'CPO'\n"
            },
            "authentication": "@parameters('$authentication')"
          }
        },
        "Apply_to_each": {
          "foreach": "@outputs('Get_CPO_info')?['body/value']",
          "actions": {
            "Send_an_email_(V2)": {
              "runAfter": {},
              "metadata": {
                "operationMetadataId": "468e7e44-c79c-440b-8094-1448c0342e20"
              },
              "type": "OpenApiConnection",
              "inputs": {
                "host": {
                  "connectionName": "shared_office365",
                  "operationId": "SendEmailV2",
                  "apiId": "/providers/Microsoft.PowerApps/apis/shared_office365"
                },
                "parameters": {
                  "emailMessage/To": "@{items('Apply_to_each')?['internalemailaddress']}, Dtseringt2@gmail.com",
                  "emailMessage/Subject": "New Service Request Submission",
                  "emailMessage/Body": "<p>To @{items('Apply_to_each')?['firstname']} @{items('Apply_to_each')?['lastname']},<br>\n<br>\nThere is a new service request submitted. Please proceed to view the details of the request and assign an available foreman.<br>\n<br>\nThank You</p>",
                  "emailMessage/Importance": "Normal"
                },
                "authentication": "@parameters('$authentication')"
              }
            }
          },
          "runAfter": {
            "Get_CPO_info": [
              "Succeeded"
            ]
          },
          "metadata": {
            "operationMetadataId": "613f2e17-8087-44b9-b90f-21b47fc17116"
          },
          "type": "Foreach"
        },
        "Update_Service_Request_to_Received_": {
          "runAfter": {},
          "metadata": {
            "operationMetadataId": "d286a755-4257-4e88-96c2-5032934fb660"
          },
          "type": "OpenApiConnection",
          "inputs": {
            "host": {
              "connectionName": "shared_commondataserviceforapps",
              "operationId": "UpdateRecord",
              "apiId": "/providers/Microsoft.PowerApps/apis/shared_commondataserviceforapps"
            },
            "parameters": {
              "entityName": "project3_servicerequests",
              "recordId": "@triggerOutputs()?['body/project3_servicerequestid']",
              "item/project3_servicerequeststatus": 800540000
            },
            "authentication": "@parameters('$authentication')"
          }
        }
      }
    },
    "templateName": ""
  },
  "schemaVersion": "1.0.0.0"
}