{
  "properties": {
    "connectionReferences": {
      "shared_commondataserviceforapps": {
        "runtimeSource": "embedded",
        "connection": {
          "connectionReferenceLogicalName": "project3_sharedcommondataserviceforapps_3c921"
        },
        "api": {
          "name": "shared_commondataserviceforapps"
        }
      }
    },
    "definition": {
      "$schema": "https://schema.management.azure.com/providers/Microsoft.Logic/schemas/2016-06-01/workflowdefinition.json#",
      "contentVersion": "1.0.0.0",
      "parameters": {
        "$connections": {
          "defaultValue": {},
          "type": "Object"
        },
        "$authentication": {
          "defaultValue": {},
          "type": "SecureObject"
        }
      },
      "triggers": {
        "When_a_row_is_added,_modified_or_deleted": {
          "metadata": {
            "operationMetadataId": "cc14446d-0c62-4a4b-aeed-403c2cdaabd2"
          },
          "type": "OpenApiConnectionWebhook",
          "inputs": {
            "host": {
              "connectionName": "shared_commondataserviceforapps",
              "operationId": "SubscribeWebhookTrigger",
              "apiId": "/providers/Microsoft.PowerApps/apis/shared_commondataserviceforapps"
            },
            "parameters": {
              "subscriptionRequest/message": 3,
              "subscriptionRequest/entityname": "project3_servicerequest",
              "subscriptionRequest/scope": 4,
              "subscriptionRequest/filteringattributes": "project3_servicerequeststatus"
            },
            "authentication": "@parameters('$authentication')"
          }
        }
      },
      "actions": {
        "Condition": {
          "actions": {
            "Get_Customer_Info": {
              "runAfter": {},
              "metadata": {
                "operationMetadataId": "3780d2ac-adc1-4c62-9437-e22a1c29fb31"
              },
              "type": "OpenApiConnection",
              "inputs": {
                "host": {
                  "connectionName": "shared_commondataserviceforapps",
                  "operationId": "GetItem",
                  "apiId": "/providers/Microsoft.PowerApps/apis/shared_commondataserviceforapps"
                },
                "parameters": {
                  "entityName": "contacts",
                  "recordId": "@triggerOutputs()?['body/_project3_contact_value']"
                },
                "authentication": "@parameters('$authentication')"
              }
            },
            "Add_a_new_row": {
              "runAfter": {
                "Get_Service_Name": [
                  "Succeeded"
                ]
              },
              "metadata": {
                "operationMetadataId": "8d19370a-33e7-4122-8f45-b06bf6490485"
              },
              "type": "OpenApiConnection",
              "inputs": {
                "host": {
                  "connectionName": "shared_commondataserviceforapps",
                  "operationId": "CreateRecord",
                  "apiId": "/providers/Microsoft.PowerApps/apis/shared_commondataserviceforapps"
                },
                "parameters": {
                  "entityName": "project3_projects",
                  "item/project3_address1": "@outputs('Get_Customer_Info')?['body/address1_composite']",
                  "item/project3_Contact@odata.bind": "contacts(@{triggerOutputs()?['body/_project3_contact_value']})",
                  "item/project3_description": " @{outputs('Get_Customer_Info')?['body/fullname']}'s  service request.",
                  "item/project3_name": "@{outputs('Get_Customer_Info')?['body/fullname']}'s @{outputs('Get_Service_Name')?['body/project3_name']} Service Request",
                  "item/project3_projectstatus": 800540000,
                  "item/project3_Address@odata.bind": ""
                },
                "authentication": "@parameters('$authentication')"
              }
            },
            "Get_Service_Name": {
              "runAfter": {
                "Get_Customer_Info": [
                  "Succeeded"
                ]
              },
              "metadata": {
                "operationMetadataId": "3bf77426-af66-4d71-940a-df510eb43f8c"
              },
              "type": "OpenApiConnection",
              "inputs": {
                "host": {
                  "connectionName": "shared_commondataserviceforapps",
                  "operationId": "GetItem",
                  "apiId": "/providers/Microsoft.PowerApps/apis/shared_commondataserviceforapps"
                },
                "parameters": {
                  "entityName": "project3_services",
                  "recordId": "@triggerOutputs()?['body/_project3_service_value']"
                },
                "authentication": "@parameters('$authentication')"
              }
            }
          },
          "runAfter": {},
          "expression": {
            "equals": [
              "@triggerOutputs()?['body/project3_servicerequeststatus']",
              800540001
            ]
          },
          "metadata": {
            "operationMetadataId": "331bb829-d6a9-4863-bca6-418c31a9e14d"
          },
          "type": "If"
        }
      }
    },
    "templateName": ""
  },
  "schemaVersion": "1.0.0.0"
}