{
  "properties": {
    "connectionReferences": {
      "shared_office365": {
        "runtimeSource": "embedded",
        "connection": {
          "connectionReferenceLogicalName": "project3_sharedoffice365_50b40"
        },
        "api": {
          "name": "shared_office365"
        }
      },
      "shared_commondataserviceforapps": {
        "runtimeSource": "embedded",
        "connection": {
          "connectionReferenceLogicalName": "project3_sharedcommondataserviceforapps_9ca83"
        },
        "api": {
          "name": "shared_commondataserviceforapps"
        }
      }
    },
    "definition": {
      "$schema": "https://schema.management.azure.com/providers/Microsoft.Logic/schemas/2016-06-01/workflowdefinition.json#",
      "contentVersion": "1.0.0.0",
      "parameters": {
        "$connections": {
          "defaultValue": {},
          "type": "Object"
        },
        "$authentication": {
          "defaultValue": {},
          "type": "SecureObject"
        }
      },
      "triggers": {
        "When_Project's_Budget_Column_is_updated": {
          "metadata": {
            "operationMetadataId": "f210ecbb-96a3-43f6-bbf9-281482b4f98b"
          },
          "type": "OpenApiConnectionWebhook",
          "inputs": {
            "host": {
              "connectionName": "shared_commondataserviceforapps",
              "operationId": "SubscribeWebhookTrigger",
              "apiId": "/providers/Microsoft.PowerApps/apis/shared_commondataserviceforapps"
            },
            "parameters": {
              "subscriptionRequest/message": 3,
              "subscriptionRequest/entityname": "project3_project",
              "subscriptionRequest/scope": 4,
              "subscriptionRequest/filteringattributes": "project3_budget"
            },
            "authentication": "@parameters('$authentication')"
          }
        }
      },
      "actions": {
        "Send_an_email_to_notify_customers_of_the_budget": {
          "runAfter": {
            "Get_Customer_Info": [
              "Succeeded"
            ]
          },
          "metadata": {
            "operationMetadataId": "2783c91e-9837-4aef-8130-ee5e1688d2f5"
          },
          "type": "OpenApiConnection",
          "inputs": {
            "host": {
              "connectionName": "shared_office365",
              "operationId": "SendEmailV2",
              "apiId": "/providers/Microsoft.PowerApps/apis/shared_office365"
            },
            "parameters": {
              "emailMessage/To": "@outputs('Get_Customer_Info')?['body/emailaddress1']",
              "emailMessage/Subject": "Budget for Your Requested Service",
              "emailMessage/Body": "<p>Greetings @{outputs('Get_Customer_Info')?['body/fullname']},<br>\n<br>\nThank you for choosing GreenScape Solutions. This is an automated email to notify you that the budget of the service you requested will be $@{triggerOutputs()?['body/project3_budget']}. <br>\n<br>\nThank you for your business. Have a nice day. <br>\n<br>\nBest,<br>\nGreenScape Solutions team</p>",
              "emailMessage/Importance": "Normal"
            },
            "authentication": "@parameters('$authentication')"
          }
        },
        "Get_Customer_Info": {
          "runAfter": {},
          "metadata": {
            "operationMetadataId": "999bb4b7-fb4e-45dd-b9e1-1bf502c3d34b"
          },
          "type": "OpenApiConnection",
          "inputs": {
            "host": {
              "connectionName": "shared_commondataserviceforapps",
              "operationId": "GetItem",
              "apiId": "/providers/Microsoft.PowerApps/apis/shared_commondataserviceforapps"
            },
            "parameters": {
              "entityName": "contacts",
              "recordId": "@triggerOutputs()?['body/_project3_contact_value']"
            },
            "authentication": "@parameters('$authentication')"
          }
        }
      }
    },
    "templateName": ""
  },
  "schemaVersion": "1.0.0.0"
}