{
  "properties": {
    "connectionReferences": {
      "shared_commondataserviceforapps": {
        "runtimeSource": "embedded",
        "connection": {
          "connectionReferenceLogicalName": "project3_sharedcommondataserviceforapps_9ca83"
        },
        "api": {
          "name": "shared_commondataserviceforapps"
        }
      },
      "shared_office365_1": {
        "runtimeSource": "embedded",
        "connection": {
          "connectionReferenceLogicalName": "project3_sharedoffice365_50b40"
        },
        "api": {
          "name": "shared_office365"
        }
      }
    },
    "definition": {
      "$schema": "https://schema.management.azure.com/providers/Microsoft.Logic/schemas/2016-06-01/workflowdefinition.json#",
      "contentVersion": "1.0.0.0",
      "parameters": {
        "$connections": {
          "defaultValue": {},
          "type": "Object"
        },
        "$authentication": {
          "defaultValue": {},
          "type": "SecureObject"
        }
      },
      "triggers": {
        "When_image_is_uploaded_into_Task_table": {
          "metadata": {
            "operationMetadataId": "c6913b11-76c0-4215-b6ee-829265a4fe07"
          },
          "type": "OpenApiConnectionWebhook",
          "inputs": {
            "host": {
              "connectionName": "shared_commondataserviceforapps",
              "operationId": "SubscribeWebhookTrigger",
              "apiId": "/providers/Microsoft.PowerApps/apis/shared_commondataserviceforapps"
            },
            "parameters": {
              "subscriptionRequest/message": 3,
              "subscriptionRequest/entityname": "task",
              "subscriptionRequest/scope": 4,
              "subscriptionRequest/filteringattributes": "project3_image"
            },
            "authentication": "@parameters('$authentication')"
          }
        }
      },
      "actions": {
        "Condition": {
          "actions": {
            "Get_project_info": {
              "runAfter": {},
              "metadata": {
                "operationMetadataId": "ec8c6b0e-7785-49a0-9268-2ed8938185b3"
              },
              "type": "OpenApiConnection",
              "inputs": {
                "host": {
                  "connectionName": "shared_commondataserviceforapps",
                  "operationId": "GetItem",
                  "apiId": "/providers/Microsoft.PowerApps/apis/shared_commondataserviceforapps"
                },
                "parameters": {
                  "entityName": "project3_projects",
                  "recordId": "@triggerOutputs()?['body/_project3_project_value']"
                },
                "authentication": "@parameters('$authentication')"
              }
            },
            "Get_customer_info": {
              "runAfter": {
                "Get_project_info": [
                  "Succeeded"
                ]
              },
              "metadata": {
                "operationMetadataId": "b4cb7372-a4a3-4a6a-ad83-17332ad0ff1b"
              },
              "type": "OpenApiConnection",
              "inputs": {
                "host": {
                  "connectionName": "shared_commondataserviceforapps",
                  "operationId": "GetItem",
                  "apiId": "/providers/Microsoft.PowerApps/apis/shared_commondataserviceforapps"
                },
                "parameters": {
                  "entityName": "contacts",
                  "recordId": "@outputs('Get_project_info')?['body/_project3_contact_value']"
                },
                "authentication": "@parameters('$authentication')"
              }
            },
            "Email_notify_the_customer_with_the_changes": {
              "runAfter": {
                "Get_customer_info": [
                  "Succeeded"
                ]
              },
              "metadata": {
                "operationMetadataId": "051b7845-cbf8-48b1-9fb0-6b29045019b2"
              },
              "type": "OpenApiConnection",
              "inputs": {
                "host": {
                  "connectionName": "shared_office365_1",
                  "operationId": "SendEmailV2",
                  "apiId": "/providers/Microsoft.PowerApps/apis/shared_office365"
                },
                "parameters": {
                  "emailMessage/To": "@{outputs('Get_customer_info')?['body/emailaddress1']}, dtseringt2@gmail.com",
                  "emailMessage/Subject": "Update on Your Service Request",
                  "emailMessage/Body": "<p>Greetings @{outputs('Get_customer_info')?['body/fullname']},<br>\n<br>\nWe have an update on your service. <br>\nThank you for your business with us!<br>\n<br>\nBest regards,<br>\nGreenScape Solutions Team</p>",
                  "emailMessage/Importance": "Normal"
                },
                "authentication": "@parameters('$authentication')"
              }
            },
            "Update_project_image": {
              "runAfter": {
                "Email_notify_the_customer_with_the_changes": [
                  "Succeeded"
                ]
              },
              "metadata": {
                "operationMetadataId": "fb3e7d8f-6dd6-444a-96db-9267c445b6a3"
              },
              "type": "OpenApiConnection",
              "inputs": {
                "host": {
                  "connectionName": "shared_commondataserviceforapps",
                  "operationId": "UpdateRecord",
                  "apiId": "/providers/Microsoft.PowerApps/apis/shared_commondataserviceforapps"
                },
                "parameters": {
                  "entityName": "project3_projects",
                  "recordId": "@outputs('Get_project_info')?['body/project3_projectid']",
                  "item/project3_image": "@triggerOutputs()?['body/project3_image']"
                },
                "authentication": "@parameters('$authentication')"
              }
            }
          },
          "runAfter": {},
          "expression": {
            "not": {
              "equals": [
                "@triggerOutputs()?['body/project3_image']",
                "@null"
              ]
            }
          },
          "metadata": {
            "operationMetadataId": "fe7276c9-6f6f-4865-b06a-35d2e71ddb3b"
          },
          "type": "If"
        }
      }
    },
    "templateName": ""
  },
  "schemaVersion": "1.0.0.0"
}