{
  "properties": {
    "connectionReferences": {
      "shared_commondataserviceforapps": {
        "runtimeSource": "embedded",
        "connection": {
          "connectionReferenceLogicalName": "project3_sharedcommondataserviceforapps_9ca83"
        },
        "api": {
          "name": "shared_commondataserviceforapps"
        }
      },
      "shared_commondataserviceforapps_1": {
        "runtimeSource": "embedded",
        "connection": {
          "connectionReferenceLogicalName": "project3_sharedcommondataserviceforapps_3c921"
        },
        "api": {
          "name": "shared_commondataserviceforapps"
        }
      },
      "shared_office365": {
        "runtimeSource": "embedded",
        "connection": {
          "connectionReferenceLogicalName": "project3_sharedoffice365_21e2f"
        },
        "api": {
          "name": "shared_office365"
        }
      }
    },
    "definition": {
      "$schema": "https://schema.management.azure.com/providers/Microsoft.Logic/schemas/2016-06-01/workflowdefinition.json#",
      "contentVersion": "1.0.0.0",
      "parameters": {
        "$connections": {
          "defaultValue": {},
          "type": "Object"
        },
        "$authentication": {
          "defaultValue": {},
          "type": "SecureObject"
        }
      },
      "triggers": {
        "When_isComplete_is_modified_in_Task_table": {
          "metadata": {
            "operationMetadataId": "dcc8cebc-b26d-410b-8dda-35fc7265966c"
          },
          "type": "OpenApiConnectionWebhook",
          "inputs": {
            "host": {
              "connectionName": "shared_commondataserviceforapps",
              "operationId": "SubscribeWebhookTrigger",
              "apiId": "/providers/Microsoft.PowerApps/apis/shared_commondataserviceforapps"
            },
            "parameters": {
              "subscriptionRequest/message": 3,
              "subscriptionRequest/entityname": "task",
              "subscriptionRequest/scope": 4,
              "subscriptionRequest/filteringattributes": "project3_iscomplete"
            },
            "authentication": "@parameters('$authentication')"
          }
        }
      },
      "actions": {
        "Get_Project_Info": {
          "runAfter": {},
          "metadata": {
            "operationMetadataId": "e93b4360-7d45-4d84-8e68-7bf3831e00ff"
          },
          "type": "OpenApiConnection",
          "inputs": {
            "host": {
              "connectionName": "shared_commondataserviceforapps",
              "operationId": "GetItem",
              "apiId": "/providers/Microsoft.PowerApps/apis/shared_commondataserviceforapps"
            },
            "parameters": {
              "entityName": "project3_projects",
              "recordId": "@triggerOutputs()?['body/_project3_project_value']"
            },
            "authentication": "@parameters('$authentication')"
          }
        },
        "List_all_project_related_tasks_": {
          "runAfter": {
            "Initialize_variable": [
              "Succeeded"
            ]
          },
          "metadata": {
            "operationMetadataId": "bebf69a7-c4f1-4873-9e7e-bc468444a7cc"
          },
          "type": "OpenApiConnection",
          "inputs": {
            "host": {
              "connectionName": "shared_commondataserviceforapps",
              "operationId": "ListRecords",
              "apiId": "/providers/Microsoft.PowerApps/apis/shared_commondataserviceforapps"
            },
            "parameters": {
              "entityName": "tasks",
              "$filter": "_project3_project_value eq @{outputs('Get_Project_Info')?['body/project3_projectid']}"
            },
            "authentication": "@parameters('$authentication')"
          }
        },
        "Initialize_variable_to_check_tasks_completion": {
          "runAfter": {
            "Get_Project_Info": [
              "Succeeded"
            ]
          },
          "metadata": {
            "operationMetadataId": "9dfcbc58-c94d-4c50-ac20-2eeecbb2f7c3"
          },
          "type": "InitializeVariable",
          "inputs": {
            "variables": [
              {
                "name": "isCompleted",
                "type": "array",
                "value": []
              }
            ]
          }
        },
        "Check_if_all_tasks_are_completed": {
          "actions": {
            "Get_Foreman_Info": {
              "runAfter": {},
              "metadata": {
                "operationMetadataId": "c976e4a9-4075-4e07-a63a-f93828a85f1b"
              },
              "type": "OpenApiConnection",
              "inputs": {
                "host": {
                  "connectionName": "shared_commondataserviceforapps",
                  "operationId": "GetItem",
                  "apiId": "/providers/Microsoft.PowerApps/apis/shared_commondataserviceforapps"
                },
                "parameters": {
                  "entityName": "systemusers",
                  "recordId": "@outputs('Get_Project_Info')?['body/_project3_assignedforeman_value']"
                },
                "authentication": "@parameters('$authentication')"
              }
            },
            "Update_Foreman_Status": {
              "runAfter": {
                "Get_Foreman_Info": [
                  "Succeeded"
                ]
              },
              "metadata": {
                "operationMetadataId": "22c86664-679a-44c4-87e5-3ad86b75d09d"
              },
              "type": "OpenApiConnection",
              "inputs": {
                "host": {
                  "connectionName": "shared_commondataserviceforapps",
                  "operationId": "UpdateRecord",
                  "apiId": "/providers/Microsoft.PowerApps/apis/shared_commondataserviceforapps"
                },
                "parameters": {
                  "entityName": "systemusers",
                  "recordId": "@outputs('Get_Foreman_Info')?['body/systemuserid']",
                  "item/project3_status": 800540001
                },
                "authentication": "@parameters('$authentication')"
              }
            },
            "Update_Project_Status_on_Project_Table": {
              "runAfter": {
                "Update_Foreman_Status": [
                  "Succeeded"
                ]
              },
              "metadata": {
                "operationMetadataId": "2c7a68d4-559d-426d-a375-ccecb2a6a852"
              },
              "type": "OpenApiConnection",
              "inputs": {
                "host": {
                  "connectionName": "shared_commondataserviceforapps",
                  "operationId": "UpdateRecord",
                  "apiId": "/providers/Microsoft.PowerApps/apis/shared_commondataserviceforapps"
                },
                "parameters": {
                  "entityName": "project3_projects",
                  "recordId": "@outputs('Get_Project_Info')?['body/project3_projectid']",
                  "item/project3_projectstatus": 800540002
                },
                "authentication": "@parameters('$authentication')"
              }
            }
          },
          "runAfter": {
            "Check_each_task's_In_Complete_value": [
              "Succeeded"
            ]
          },
          "expression": {
            "not": {
              "contains": [
                "@variables('isCompleted')",
                0
              ]
            }
          },
          "metadata": {
            "operationMetadataId": "23a0a765-fc30-45f0-be7b-531ad0d0a862"
          },
          "type": "If"
        },
        "Initialize_variable": {
          "runAfter": {
            "Initialize_variable_to_check_tasks_completion": [
              "Succeeded"
            ]
          },
          "metadata": {
            "operationMetadataId": "618bff0c-c62e-4020-8a75-f159716be0c6"
          },
          "type": "InitializeVariable",
          "inputs": {
            "variables": [
              {
                "name": "output",
                "type": "array",
                "value": []
              }
            ]
          }
        },
        "Set_variable": {
          "runAfter": {
            "List_all_project_related_tasks_": [
              "Succeeded"
            ]
          },
          "metadata": {
            "operationMetadataId": "9e4efcd5-e374-4418-b726-c2217d87a2f3"
          },
          "type": "SetVariable",
          "inputs": {
            "name": "output",
            "value": "@outputs('List_all_project_related_tasks_')?['body/value']"
          }
        },
        "Check_each_task's_In_Complete_value": {
          "foreach": "@outputs('List_all_project_related_tasks_')?['body/value']",
          "actions": {
            "Compose": {
              "runAfter": {},
              "metadata": {
                "operationMetadataId": "a1282852-d56e-44af-8cd0-893e5dcfdb22"
              },
              "type": "Compose",
              "inputs": "@items('Check_each_task''s_In_Complete_value')?['project3_iscomplete']"
            },
            "Condition": {
              "actions": {
                "Append_1_to_the_array_2": {
                  "runAfter": {},
                  "metadata": {
                    "operationMetadataId": "e2ee1ba1-d408-42f7-afa1-d2ac97d76c70"
                  },
                  "type": "AppendToArrayVariable",
                  "inputs": {
                    "name": "isCompleted",
                    "value": 1
                  }
                }
              },
              "runAfter": {
                "Compose": [
                  "Succeeded"
                ]
              },
              "else": {
                "actions": {
                  "Append_0_to_the_array_2": {
                    "runAfter": {},
                    "metadata": {
                      "operationMetadataId": "6d30c62b-90e1-44e1-9301-6f744a59db10"
                    },
                    "type": "AppendToArrayVariable",
                    "inputs": {
                      "name": "isCompleted",
                      "value": 0
                    }
                  }
                }
              },
              "expression": {
                "equals": [
                  "@outputs('Compose')",
                  true
                ]
              },
              "metadata": {
                "operationMetadataId": "5289ead3-ab3a-4a8d-ac7f-3b8627ef1f05"
              },
              "type": "If"
            }
          },
          "runAfter": {
            "Set_variable": [
              "Succeeded"
            ]
          },
          "metadata": {
            "operationMetadataId": "5eb05e45-197e-4c52-a0b0-5191e757ee1a"
          },
          "type": "Foreach"
        },
        "Get_customer_info": {
          "runAfter": {
            "Check_if_all_tasks_are_completed": [
              "Succeeded"
            ]
          },
          "metadata": {
            "operationMetadataId": "104af4ce-7af0-4298-9a1f-5c58042540f0"
          },
          "type": "OpenApiConnection",
          "inputs": {
            "host": {
              "connectionName": "shared_commondataserviceforapps_1",
              "operationId": "GetItem",
              "apiId": "/providers/Microsoft.PowerApps/apis/shared_commondataserviceforapps"
            },
            "parameters": {
              "entityName": "contacts",
              "recordId": "@outputs('Get_Project_Info')?['body/_project3_contact_value']"
            },
            "authentication": "@parameters('$authentication')"
          }
        },
        "Send_email_notification_to_the_customer": {
          "runAfter": {
            "Get_customer_info": [
              "Succeeded"
            ]
          },
          "metadata": {
            "operationMetadataId": "4242f80b-cf2e-4e36-bea0-53c12b49318c"
          },
          "type": "OpenApiConnection",
          "inputs": {
            "host": {
              "connectionName": "shared_office365",
              "operationId": "SendEmailV2",
              "apiId": "/providers/Microsoft.PowerApps/apis/shared_office365"
            },
            "parameters": {
              "emailMessage/To": "@outputs('Get_customer_info')?['body/emailaddress1']",
              "emailMessage/Subject": "Update on your service request",
              "emailMessage/Body": "<p>Greetings @{outputs('Get_customer_info')?['body/fullname']},<br>\n<br>\nWe are pleased to inform you that your service request has been completed. You will be contacted by one of our team members shortly regarding the next step. <br>\n<br>\nThank you for your business with us as always!<br>\n<br>\nBest,<br>\nGreenScape Solutions Team</p>",
              "emailMessage/Importance": "Normal"
            },
            "authentication": "@parameters('$authentication')"
          }
        }
      }
    },
    "templateName": ""
  },
  "schemaVersion": "1.0.0.0"
}