{
  "properties": {
    "connectionReferences": {
      "shared_commondataserviceforapps": {
        "runtimeSource": "embedded",
        "connection": {
          "connectionReferenceLogicalName": "project3_sharedcommondataserviceforapps_9ca83"
        },
        "api": {
          "name": "shared_commondataserviceforapps"
        }
      },
      "shared_office365_1": {
        "runtimeSource": "embedded",
        "connection": {
          "connectionReferenceLogicalName": "project3_sharedoffice365_45bcc"
        },
        "api": {
          "name": "shared_office365"
        }
      },
      "shared_commondataserviceforapps_1": {
        "runtimeSource": "embedded",
        "connection": {
          "connectionReferenceLogicalName": "project3_sharedcommondataserviceforapps_3622e"
        },
        "api": {
          "name": "shared_commondataserviceforapps"
        }
      }
    },
    "definition": {
      "$schema": "https://schema.management.azure.com/providers/Microsoft.Logic/schemas/2016-06-01/workflowdefinition.json#",
      "contentVersion": "1.0.0.0",
      "parameters": {
        "$connections": {
          "defaultValue": {},
          "type": "Object"
        },
        "$authentication": {
          "defaultValue": {},
          "type": "SecureObject"
        }
      },
      "triggers": {
        "When_a_project's_Assigned_Foreman_column_updated": {
          "metadata": {
            "operationMetadataId": "a6113f81-f822-4b35-99e9-cf8acc6fdbc8"
          },
          "type": "OpenApiConnectionWebhook",
          "inputs": {
            "host": {
              "connectionName": "shared_commondataserviceforapps",
              "operationId": "SubscribeWebhookTrigger",
              "apiId": "/providers/Microsoft.PowerApps/apis/shared_commondataserviceforapps"
            },
            "parameters": {
              "subscriptionRequest/message": 3,
              "subscriptionRequest/entityname": "project3_project",
              "subscriptionRequest/scope": 4,
              "subscriptionRequest/filteringattributes": "project3_assignedforeman"
            },
            "authentication": "@parameters('$authentication')"
          }
        }
      },
      "actions": {
        "Get_the_assigned_Foreman_Info": {
          "runAfter": {
            "Update_project_status": [
              "Succeeded"
            ]
          },
          "metadata": {
            "operationMetadataId": "f9dcbfa1-369e-44ca-b86e-fdce06c640c6"
          },
          "type": "OpenApiConnection",
          "inputs": {
            "host": {
              "connectionName": "shared_commondataserviceforapps",
              "operationId": "GetItem",
              "apiId": "/providers/Microsoft.PowerApps/apis/shared_commondataserviceforapps"
            },
            "parameters": {
              "entityName": "systemusers",
              "recordId": "@triggerOutputs()?['body/_project3_assignedforeman_value']"
            },
            "authentication": "@parameters('$authentication')"
          }
        },
        "Send_an_email_notification_to_the_Foreman": {
          "runAfter": {
            "Get_customer_info": [
              "Succeeded"
            ]
          },
          "metadata": {
            "operationMetadataId": "f3dc8b71-1ee7-4d10-acb3-877b904ec18e"
          },
          "type": "OpenApiConnection",
          "inputs": {
            "host": {
              "connectionName": "shared_office365_1",
              "operationId": "SendEmailV2",
              "apiId": "/providers/Microsoft.PowerApps/apis/shared_office365"
            },
            "parameters": {
              "emailMessage/To": "@outputs('Get_the_assigned_Foreman_Info')?['body/internalemailaddress']",
              "emailMessage/Subject": "A new project is assigned ",
              "emailMessage/Body": "<p>Hello @{outputs('Get_the_assigned_Foreman_Info')?['body/fullname']},<br>\n<br>\nA new project is assigned to you. Please see the details of the project below and contact the customer for further scheduling.<br>\n<br>\n<strong>Project Overview:</strong><br>\nProject Name: @{triggerOutputs()?['body/project3_name']}<br>\nAddress:&nbsp;@{outputs('Get_customer_info')?['body/address1_composite']}<br>\n<br>\n<strong>Customer Information:</strong><br>\nCustomer Name: @{outputs('Get_customer_info')?['body/fullname']}<br>\nEmail: @{outputs('Get_customer_info')?['body/emailaddress1']}<br>\nHome Phone: @{outputs('Get_customer_info')?['body/telephone2']}<br>\nProperty Size: @{outputs('Get_customer_info')?['body/project3_propertysize']}<br>\n<br>\nBest regards,<br>\nGreenScape Solutions Team</p>",
              "emailMessage/Importance": "Normal"
            },
            "authentication": "@parameters('$authentication')"
          }
        },
        "Get_customer_info": {
          "runAfter": {
            "Get_the_assigned_Foreman_Info": [
              "Succeeded"
            ]
          },
          "metadata": {
            "operationMetadataId": "8dc786dc-9b9b-4f7a-847b-9de4a3124d83"
          },
          "type": "OpenApiConnection",
          "inputs": {
            "host": {
              "connectionName": "shared_commondataserviceforapps",
              "operationId": "GetItem",
              "apiId": "/providers/Microsoft.PowerApps/apis/shared_commondataserviceforapps"
            },
            "parameters": {
              "entityName": "contacts",
              "recordId": "@triggerOutputs()?['body/_project3_contact_value']"
            },
            "authentication": "@parameters('$authentication')"
          }
        },
        "Update_Foreman_Availability": {
          "runAfter": {
            "Send_an_email_notification_to_the_Foreman": [
              "Succeeded"
            ]
          },
          "metadata": {
            "operationMetadataId": "43537417-4d07-4956-80e9-b5c6543616c0"
          },
          "type": "OpenApiConnection",
          "inputs": {
            "host": {
              "connectionName": "shared_commondataserviceforapps",
              "operationId": "UpdateRecord",
              "apiId": "/providers/Microsoft.PowerApps/apis/shared_commondataserviceforapps"
            },
            "parameters": {
              "entityName": "systemusers",
              "recordId": "@outputs('Get_the_assigned_Foreman_Info')?['body/systemuserid']",
              "item/project3_status": 800540000
            },
            "authentication": "@parameters('$authentication')"
          }
        },
        "List_rows_-_get_service_request": {
          "runAfter": {
            "Update_Foreman_Availability": [
              "Succeeded"
            ]
          },
          "metadata": {
            "operationMetadataId": "542b402b-5d60-44d3-b8f6-c5fae2929946"
          },
          "type": "OpenApiConnection",
          "inputs": {
            "host": {
              "connectionName": "shared_commondataserviceforapps",
              "operationId": "ListRecords",
              "apiId": "/providers/Microsoft.PowerApps/apis/shared_commondataserviceforapps"
            },
            "parameters": {
              "entityName": "project3_servicerequests",
              "$filter": "_project3_contact_value eq @{triggerOutputs()?['body/_project3_contact_value']}"
            },
            "authentication": "@parameters('$authentication')"
          }
        },
        "Apply_to_each": {
          "foreach": "@outputs('List_rows_-_get_service_request')?['body/value']",
          "actions": {
            "Update_a_row": {
              "runAfter": {},
              "metadata": {
                "operationMetadataId": "18ae704d-cc5d-4f2a-b655-772f34db884f"
              },
              "type": "OpenApiConnection",
              "inputs": {
                "host": {
                  "connectionName": "shared_commondataserviceforapps",
                  "operationId": "UpdateRecord",
                  "apiId": "/providers/Microsoft.PowerApps/apis/shared_commondataserviceforapps"
                },
                "parameters": {
                  "entityName": "project3_servicerequests",
                  "recordId": "@items('Apply_to_each')?['project3_servicerequestid']",
                  "item/project3_servicerequeststatus": 800540002
                },
                "authentication": "@parameters('$authentication')"
              }
            }
          },
          "runAfter": {
            "List_rows_-_get_service_request": [
              "Succeeded"
            ]
          },
          "metadata": {
            "operationMetadataId": "3e1d2bd7-c309-4f52-8497-ed51623b014e"
          },
          "type": "Foreach"
        },
        "Update_project_status": {
          "runAfter": {},
          "metadata": {
            "operationMetadataId": "7812dd55-6fb6-4565-9252-c148618d914a"
          },
          "type": "OpenApiConnection",
          "inputs": {
            "host": {
              "connectionName": "shared_commondataserviceforapps_1",
              "operationId": "UpdateRecord",
              "apiId": "/providers/Microsoft.PowerApps/apis/shared_commondataserviceforapps"
            },
            "parameters": {
              "entityName": "project3_projects",
              "recordId": "@triggerOutputs()?['body/project3_projectid']",
              "item/project3_projectstatus": 800540001
            },
            "authentication": "@parameters('$authentication')"
          }
        }
      }
    },
    "templateName": ""
  },
  "schemaVersion": "1.0.0.0"
}