<powerpagecomponent powerpagecomponentid="a8745080-0415-427d-b874-dedb2be46470">
  <content>{"display_name":"Footer","type":756150001,"value":"&lt;p class='smallText'&gt;Copyright © &lt;span id='year'&gt;&lt;/span&gt;. All rights reserved.&lt;/p&gt;\r\n&lt;script&gt;\r\n  document.getElementById('year').innerHTML = new Date().getFullYear();\r\n&lt;/script&gt;\r\n"}</content>
  <iscustomizable>1</iscustomizable>
  <name>Footer</name>
  <powerpagecomponenttype>7</powerpagecomponenttype>
  <powerpagesiteid>
    <powerpagesiteid>5d10b291-67dd-425e-b96c-73b918f8dc4d</powerpagesiteid>
  </powerpagesiteid>
  <powerpagesitelanguageid>
    <powerpagesitelanguageid>2e4d3f25-ce8f-421f-9a20-1d41af4dc6c2</powerpagesitelanguageid>
  </powerpagesitelanguageid>
  <statecode>0</statecode>
  <statuscode>1</statuscode>
</powerpagecomponent>