<powerpagesites>
  <powerpagesite powerpagesiteid="5d10b291-67dd-425e-b96c-73b918f8dc4d">
    <content>{"defaultlanguage":"2e4d3f25-ce8f-421f-9a20-1d41af4dc6c2","footerwebtemplateid":"2c01cf04-2aff-40ec-89dd-69a3fe706bbf","headerwebtemplateid":"ac4df297-c23b-4262-a8e7-bfbcbc022a3e","statecode":0,"statuscode":1,"website_language":1033}</content>
    <datamodelversion>2.0</datamodelversion>
    <iscustomizable>1</iscustomizable>
    <name>GreenScapeSolutions - GreenScapeSolutions</name>
    <primarydomainname>GreenScapeSolutions.powerappsportals.com</primarydomainname>
    <statecode>0</statecode>
    <statuscode>1</statuscode>
  </powerpagesite>
</powerpagesites>