<powerpagesitelanguages>
  <powerpagesitelanguage powerpagesitelanguageid="2e4d3f25-ce8f-421f-9a20-1d41af4dc6c2">
    <content>{"publishingstate":"8862e89a-e13d-4c4e-9719-6fa1b74e7ccc","systemlanguage":1033}</content>
    <displayname>English</displayname>
    <iscustomizable>1</iscustomizable>
    <languagecode>en-US</languagecode>
    <lcid>1033</lcid>
    <name>English</name>
    <powerpagesiteid>
      <powerpagesiteid>5d10b291-67dd-425e-b96c-73b918f8dc4d</powerpagesiteid>
    </powerpagesiteid>
    <statecode>0</statecode>
    <statuscode>1</statuscode>
  </powerpagesitelanguage>
</powerpagesitelanguages>