<powerpagecomponent powerpagecomponentid="579746e0-4f25-548f-ed6a-4dcc85a26d1a">
  <content>{
  "filecontent": null,
  "displayorder": 3,
  "customcss": "",
  "customjavascript": "",
  "pagetemplateid": "a1dd5d8b-8297-4fda-8a70-98fece95833c",
  "parentpageid": "c0c42595-6d90-4a49-9e78-cb6d9e66b371",
  "partialurl": "Landscaping-Request-Page",
  "isroot": false,
  "rootwebpageid": "e19688d3-0297-86d2-1008-72c53e6eeacf",
  "title": "Landscaping Request Page",
  "summary": "&lt;p&gt;This is a sample landing page designed to be a starting point for your website&lt;/p&gt;",
  "copy": "&lt;div id=\"iutsul\" class=\"row sectionBlockLayout text-left\" style=\"display: flex; flex-wrap: wrap; margin: 0px; min-height: auto; padding: 8px; height: 157px;\"&gt;\n  &lt;div id=\"i4yadk\" class=\"container\" style=\"padding: 0px; display: flex; flex-wrap: wrap;\"&gt;\n    &lt;div id=\"iwx1fg\" class=\"col-md-12 columnBlockLayout\" style=\"flex-grow: 1; display: flex; flex-direction: column; min-width: 250px; word-break: break-word;\"&gt;&lt;h1 id=\"ib226l\" style=\"text-align: left;\"&gt;Submit a Service Request&lt;/h1&gt;&lt;/div&gt;\n  &lt;/div&gt;\n&lt;/div&gt;\n&lt;div id=\"iel2s4\" class=\"row sectionBlockLayout text-left\" style=\"display: flex; flex-wrap: wrap; margin: 0px; min-height: auto; padding: 8px;\"&gt;\n  &lt;div id=\"i5o9w1\" class=\"container\" style=\"display: flex; flex-wrap: wrap;\"&gt;&lt;div id=\"iyqkk4\" class=\"col-md-12 columnBlockLayout\" style=\"flex-grow: 1; display: flex; flex-direction: column; min-width: 250px; word-break: break-word; padding: 16px; margin: 60px 0px;\"&gt;{% entityform name: 'New Customer Request Form' %}&lt;/div&gt;&lt;/div&gt;\n&lt;/div&gt;\n",
  "publishingstateid": "8862e89a-e13d-4c4e-9719-6fa1b74e7ccc",
  "enablerating": false,
  "enabletracking": false,
  "excludefromsearch": false,
  "hiddenfromsitemap": true,
  "sharedpageconfiguration": false
}</content>
  <iscustomizable>1</iscustomizable>
  <name>Landscaping Request</name>
  <powerpagecomponenttype>2</powerpagecomponenttype>
  <powerpagesiteid>
    <powerpagesiteid>5d10b291-67dd-425e-b96c-73b918f8dc4d</powerpagesiteid>
  </powerpagesiteid>
  <powerpagesitelanguageid>
    <powerpagesitelanguageid>2e4d3f25-ce8f-421f-9a20-1d41af4dc6c2</powerpagesitelanguageid>
  </powerpagesitelanguageid>
  <searchcontent>Landscaping Request Page&lt;div id="iutsul" class="row sectionBlockLayout text-left" style="display: flex; flex-wrap: wrap; margin: 0px; min-height: auto; padding: 8px; height: 157px;"&gt;
  &lt;div id="i4yadk" class="container" style="padding: 0px; display: flex; flex-wrap: wrap;"&gt;
    &lt;div id="iwx1fg" class="col-md-12 columnBlockLayout" style="flex-grow: 1; display: flex; flex-direction: column; min-width: 250px; word-break: break-word;"&gt;&lt;h1 id="ib226l" style="text-align: left;"&gt;Submit a Service Request&lt;/h1&gt;&lt;/div&gt;
  &lt;/div&gt;
&lt;/div&gt;
&lt;div id="iel2s4" class="row sectionBlockLayout text-left" style="display: flex; flex-wrap: wrap; margin: 0px; min-height: auto; padding: 8px;"&gt;
  &lt;div id="i5o9w1" class="container" style="display: flex; flex-wrap: wrap;"&gt;&lt;div id="iyqkk4" class="col-md-12 columnBlockLayout" style="flex-grow: 1; display: flex; flex-direction: column; min-width: 250px; word-break: break-word; padding: 16px; margin: 60px 0px;"&gt;{% entityform name: 'New Customer Request Form' %}&lt;/div&gt;&lt;/div&gt;
&lt;/div&gt;
Landscaping Request</searchcontent>
  <statecode>0</statecode>
  <statuscode>1</statuscode>
</powerpagecomponent>