<powerpagecomponent powerpagecomponentid="30114657-93f3-4215-8e0d-61cd8a1b3dfa">
  <content>{"disablepagevalidation":false,"displayimageonly":false,"displayorder":1,"displaypagechildlinks":false,"openinnewwindow":false,"pageid":"84e16cea-15ef-4530-ab9f-fb21ec42c1d6","publishingstateid":"8862e89a-e13d-4c4e-9719-6fa1b74e7ccc","robotsfollowlink":true,"weblinksetid":"19c14bbd-785e-42e9-bb78-8b63657e3b36"}</content>
  <iscustomizable>1</iscustomizable>
  <name>Profile</name>
  <powerpagecomponenttype>5</powerpagecomponenttype>
  <powerpagesiteid>
    <powerpagesiteid>5d10b291-67dd-425e-b96c-73b918f8dc4d</powerpagesiteid>
  </powerpagesiteid>
  <statecode>0</statecode>
  <statuscode>1</statuscode>
</powerpagecomponent>