<powerpagecomponent powerpagecomponentid="1fc382cd-2c94-40b4-8157-87b6dff1d771">
  <content>{"value":"{\"status\":\"enable\",\"selectedThemeId\":\"0f6ab1e0-f1d6-45a7-92d5-e07bd7bb9b6b\",\"siteSettingId\":\"1fc382cd-2c94-40b4-8157-87b6dff1d771\",\"version\":\"V2\"}"}</content>
  <iscustomizable>1</iscustomizable>
  <name>ThemeFeature</name>
  <powerpagecomponenttype>9</powerpagecomponenttype>
  <powerpagesiteid>
    <powerpagesiteid>5d10b291-67dd-425e-b96c-73b918f8dc4d</powerpagesiteid>
  </powerpagesiteid>
  <statecode>0</statecode>
  <statuscode>1</statuscode>
</powerpagecomponent>