<powerpagecomponent powerpagecomponentid="5d043e31-d48e-4084-ee47-a3cf310a2ece">
  <content>{
  "filecontent": null,
  "displayorder": 10,
  "weblinksetid": "a2e158fc-709d-4dfb-b698-04db7088ccc5",
  "pageid": "af8af78c-ade3-3f16-6911-4fe156d2647c",
  "publishingstateid": "8862e89a-e13d-4c4e-9719-6fa1b74e7ccc",
  "displaypagevalidation": false,
  "displayimageonly": false,
  "displaypagechildlinks": false,
  "openinnewwindow": false,
  "robotsfollowlink": true
}</content>
  <iscustomizable>1</iscustomizable>
  <name>My Requests</name>
  <powerpagecomponenttype>5</powerpagecomponenttype>
  <powerpagesiteid>
    <powerpagesiteid>5d10b291-67dd-425e-b96c-73b918f8dc4d</powerpagesiteid>
  </powerpagesiteid>
  <statecode>0</statecode>
  <statuscode>1</statuscode>
</powerpagecomponent>