<powerpagecomponent powerpagecomponentid="5ca4af0f-84af-f3b9-e301-ee1245357a20">
  <content>{
  "filecontent": null,
  "displayorder": 9,
  "weblinksetid": "a2e158fc-709d-4dfb-b698-04db7088ccc5",
  "pageid": "e19688d3-0297-86d2-1008-72c53e6eeacf",
  "publishingstateid": "8862e89a-e13d-4c4e-9719-6fa1b74e7ccc",
  "displaypagevalidation": false,
  "displayimageonly": false,
  "displaypagechildlinks": false,
  "openinnewwindow": false,
  "robotsfollowlink": true
}</content>
  <iscustomizable>1</iscustomizable>
  <name>Landscaping Request</name>
  <powerpagecomponenttype>5</powerpagecomponenttype>
  <powerpagesiteid>
    <powerpagesiteid>5d10b291-67dd-425e-b96c-73b918f8dc4d</powerpagesiteid>
  </powerpagesiteid>
  <statecode>0</statecode>
  <statuscode>1</statuscode>
</powerpagecomponent>