<powerpagecomponent powerpagecomponentid="e5f202cc-1d82-4117-9966-c73087070d20">
  <content>{
  "filecontent": null,
  "disablepagevalidation": false,
  "displayimageonly": false,
  "displayorder": 2,
  "displaypagechildlinks": false,
  "openinnewwindow": false,
  "pageid": "b5d0631e-bb90-48e8-843c-04ae38bb106f",
  "parentweblinkid": "7e52dd04-31cc-4eb7-be01-10fd63b5c96f",
  "publishingstateid": "8862e89a-e13d-4c4e-9719-6fa1b74e7ccc",
  "robotsfollowlink": true,
  "weblinksetid": "a2e158fc-709d-4dfb-b698-04db7088ccc5"
}</content>
  <iscustomizable>1</iscustomizable>
  <name>Subpage two-deleted</name>
  <powerpagecomponenttype>5</powerpagecomponenttype>
  <powerpagesiteid>
    <powerpagesiteid>5d10b291-67dd-425e-b96c-73b918f8dc4d</powerpagesiteid>
  </powerpagesiteid>
  <statecode>1</statecode>
  <statuscode>2</statuscode>
</powerpagecomponent>