<powerpagecomponent powerpagecomponentid="231c7cf9-27f2-4d30-98fd-fa24353332f4">
  <content>{"enablerating":false,"enabletracking":false,"excludefromsearch":true,"feedbackpolicy":756150000,"hiddenfromsitemap":true,"isroot":true,"pagetemplateid":"a1dd5d8b-8297-4fda-8a70-98fece95833c","parentpageid":"c0c42595-6d90-4a49-9e78-cb6d9e66b371","partialurl":"access-denied","publishingstateid":"8862e89a-e13d-4c4e-9719-6fa1b74e7ccc","sharedpageconfiguration":false}</content>
  <iscustomizable>1</iscustomizable>
  <name>Access Denied</name>
  <powerpagecomponenttype>2</powerpagecomponenttype>
  <powerpagesiteid>
    <powerpagesiteid>5d10b291-67dd-425e-b96c-73b918f8dc4d</powerpagesiteid>
  </powerpagesiteid>
  <searchcontent>Access Denied</searchcontent>
  <statecode>0</statecode>
  <statuscode>1</statuscode>
</powerpagecomponent>