<powerpagecomponent powerpagecomponentid="5400ba52-6be9-2c13-fc14-69c408ffb42c">
  <content>{
  "filecontent": null,
  "displayorder": 4,
  "parentweblinkid": null,
  "weblinksetid": "a2e158fc-709d-4dfb-b698-04db7088ccc5",
  "pageid": "697a8ec0-0428-3cdd-ca65-b59c719a5654",
  "publishingstateid": "8862e89a-e13d-4c4e-9719-6fa1b74e7ccc",
  "displaypagevalidation": false,
  "displayimageonly": false,
  "displaypagechildlinks": false,
  "openinnewwindow": false,
  "robotsfollowlink": true
}</content>
  <iscustomizable>1</iscustomizable>
  <name>Landscaping Ideas</name>
  <powerpagecomponenttype>5</powerpagecomponenttype>
  <powerpagesiteid>
    <powerpagesiteid>5d10b291-67dd-425e-b96c-73b918f8dc4d</powerpagesiteid>
  </powerpagesiteid>
  <statecode>0</statecode>
  <statuscode>1</statuscode>
</powerpagecomponent>