<powerpagecomponent powerpagecomponentid="fececba0-9105-b1e1-9e22-36526bdd886b">
  <content>{
  "filecontent": null,
  "displayorder": 6,
  "customcss": "",
  "customjavascript": "",
  "pagetemplateid": "a1dd5d8b-8297-4fda-8a70-98fece95833c",
  "parentpageid": "c0c42595-6d90-4a49-9e78-cb6d9e66b371",
  "partialurl": "Services-Page",
  "isroot": false,
  "rootwebpageid": "64293c9e-ec51-031d-aae2-4c096f76b37d",
  "title": "Services Page",
  "summary": "&lt;p&gt;This is a sample landing page designed to be a starting point for your website&lt;/p&gt;",
  "copy": "&lt;div id=\"i47nwl\" class=\"row sectionBlockLayout text-left\" style=\"display: flex; flex-wrap: wrap; margin: 0px; min-height: auto; padding: 8px;\"&gt;\n  &lt;div id=\"i07ggl\" class=\"container\" style=\"display: flex; flex-wrap: wrap;\"&gt;\n    &lt;div id=\"ikwjng\" class=\"col-md-12 columnBlockLayout\" style=\"flex-grow: 1; display: flex; flex-direction: column; min-width: 250px; word-break: break-word; padding: 16px; margin: 60px 0px;\"&gt;\n      &lt;h1 id=\"imubah\" style=\"text-align: center;\"&gt;Landscaping Services&amp;nbsp;&lt;/h1&gt;\n      &lt;div id=\"iiaomb\" class=\"row sectionBlockLayout\" style='display: flex; flex-wrap: wrap; padding: 8px; margin: 0px; min-height: 15px; background-image: url(\"/2560x1600-up-forest-green-solid-color-background.jpg\"); background-position: center center; background-repeat: no-repeat; background-size: cover;'&gt;&lt;/div&gt;\n      {% include 'entity_list' key: 'Offered Services' %}\n      &lt;div id=\"i2l554\" data-component-theme=\"\" class=\"row sectionBlockLayout\" style='display: flex; flex-wrap: wrap; padding: 8px; margin: 0px; min-height: 15px; background-image: url(\"/2560x1600-up-forest-green-solid-color-background.jpg\"); background-position: center center; background-repeat: no-repeat; background-size: cover;'&gt;&lt;/div&gt;\n    &lt;/div&gt;\n  &lt;/div&gt;\n&lt;/div&gt;\n&lt;div id=\"iqzznc\" class=\"row sectionBlockLayout text-left\" style='display: flex; flex-wrap: wrap; margin: 0px; min-height: auto; padding: 8px; background-image: url(\"/2560x1600-up-forest-green-solid-color-background.jpg\"); background-position: center center; background-repeat: no-repeat; background-size: cover;'&gt;\n  &lt;div id=\"ikg08j\" class=\"container\" style=\"padding: 0px; display: flex; flex-wrap: wrap;\"&gt;\n    &lt;div id=\"ixaajh\" class=\"col-md-12 columnBlockLayout\" style=\"flex-grow: 1; display: flex; flex-direction: column; min-width: 250px; word-break: break-word; margin: 0px; padding: 16px;\"&gt;&lt;h1 id=\"i4yzgt\" style=\"text-align: center; color: var(--portalThemeColor1);\"&gt;Where to start?&lt;/h1&gt;&lt;/div&gt;\n  &lt;/div&gt;\n&lt;/div&gt;\n&lt;div id=\"i53a11\" class=\"row sectionBlockLayout text-left\" style='display: flex; flex-wrap: wrap; padding: 8px; margin: 0px; min-height: auto; background-image: url(\"/2560x1600-up-forest-green-solid-color-background.jpg\"); background-position: center center; background-repeat: no-repeat; background-size: cover;'&gt;\n  &lt;div id=\"i7z2ni\" class=\"container\" style=\"padding: 0px; display: flex; flex-wrap: wrap; column-gap: 0px;\"&gt;\n    &lt;div id=\"i15ik7\" class=\"col-md-4 columnBlockLayout\" style=\"flex-grow: 1; display: flex; flex-direction: column; min-width: 250px; word-break: break-word; margin: 0px; padding: 16px; width: calc(33.3333% + 0px);\"&gt;&lt;p id=\"iznuti\" style=\"text-align: center; border-radius: 25px 25px 25px 25px; border: 5px solid #c8c6c4; text-shadow: 0px 0px 0px #000000; box-shadow: 0px 0px 10px #000000; color: var(--portalThemeColor1);\"&gt;At GreenScape Solutions, we understand that every customer has unique needs when it comes to landscaping and outdoor solutions. That's why we offer a personalized consultation to understand your specific requirements and how we can best meet them. Our team of experts will work with you to create a customized plan that fits your budget and exceeds your expectations. Contact us today to schedule your consultation and take the first step towards transforming your outdoor space into a beautiful and functional oasis.&lt;/p&gt;&lt;/div&gt;\n    &lt;div id=\"i1brzc\" class=\"col-md-8 columnBlockLayout\" style=\"flex-grow: 1; display: flex; flex-direction: column; min-width: 250px; word-break: break-word; margin: 0px; padding: 16px; width: calc(66.6667% + 0px);\"&gt;\n      &lt;img src=\"/Landscaper.jpg\" id=\"ivdxib\" alt=\"Landscaper\" name=\"Landscaper.jpg\" style=\"width: 100%; height: auto; max-width: 100%; box-shadow: 0px 0px 13px rgb(0, 0, 0); border: 5px solid #c8c6c4; border-radius: 25px 25px 25px 25px;\" /&gt;\n      &lt;div id=\"iozyt5\" class=\"row sectionBlockLayout\" style=\"display: flex; flex-wrap: wrap; padding: 8px; margin: 0px; min-height: 15px;\"&gt;&lt;/div&gt;\n      &lt;div id=\"i471ud\" class=\"row sectionBlockLayout\" style=\"display: flex; flex-wrap: wrap; padding: 8px; margin: 0px; min-height: 15px;\"&gt;&lt;/div&gt;\n      &lt;div id=\"ilo06g\" class=\"row sectionBlockLayout\" style=\"display: flex; flex-wrap: wrap; padding: 8px; margin: 0px; min-height: 15px;\"&gt;&lt;/div&gt;\n      &lt;button onclick=\"window.location.href='/Landscaping-Request-Page'\" type=\"button\" value=\"Landscaping-Request-Page\" id=\"isugo2\" class=\"button1\" style=\"margin-left: auto; margin-right: auto; min-width: 250px; min-height: 50px; width: fit-content;\"&gt;Request a service&lt;/button&gt;\n    &lt;/div&gt;\n  &lt;/div&gt;\n&lt;/div&gt;\n",
  "publishingstateid": "8862e89a-e13d-4c4e-9719-6fa1b74e7ccc",
  "enablerating": false,
  "enabletracking": false,
  "excludefromsearch": false,
  "hiddenfromsitemap": true,
  "sharedpageconfiguration": false
}</content>
  <iscustomizable>1</iscustomizable>
  <name>Services</name>
  <powerpagecomponenttype>2</powerpagecomponenttype>
  <powerpagesiteid>
    <powerpagesiteid>5d10b291-67dd-425e-b96c-73b918f8dc4d</powerpagesiteid>
  </powerpagesiteid>
  <powerpagesitelanguageid>
    <powerpagesitelanguageid>2e4d3f25-ce8f-421f-9a20-1d41af4dc6c2</powerpagesitelanguageid>
  </powerpagesitelanguageid>
  <searchcontent>Services Page&lt;div id="i47nwl" class="row sectionBlockLayout text-left" style="display: flex; flex-wrap: wrap; margin: 0px; min-height: auto; padding: 8px;"&gt;
  &lt;div id="i07ggl" class="container" style="display: flex; flex-wrap: wrap;"&gt;
    &lt;div id="ikwjng" class="col-md-12 columnBlockLayout" style="flex-grow: 1; display: flex; flex-direction: column; min-width: 250px; word-break: break-word; padding: 16px; margin: 60px 0px;"&gt;
      &lt;h1 id="imubah" style="text-align: center;"&gt;Landscaping Services&amp;nbsp;&lt;/h1&gt;
      &lt;div id="iiaomb" class="row sectionBlockLayout" style='display: flex; flex-wrap: wrap; padding: 8px; margin: 0px; min-height: 15px; background-image: url("/2560x1600-up-forest-green-solid-color-background.jpg"); background-position: center center; background-repeat: no-repeat; background-size: cover;'&gt;&lt;/div&gt;
      {% include 'entity_list' key: 'Offered Services' %}
      &lt;div id="i2l554" data-component-theme="" class="row sectionBlockLayout" style='display: flex; flex-wrap: wrap; padding: 8px; margin: 0px; min-height: 15px; background-image: url("/2560x1600-up-forest-green-solid-color-background.jpg"); background-position: center center; background-repeat: no-repeat; background-size: cover;'&gt;&lt;/div&gt;
    &lt;/div&gt;
  &lt;/div&gt;
&lt;/div&gt;
&lt;div id="iqzznc" class="row sectionBlockLayout text-left" style='display: flex; flex-wrap: wrap; margin: 0px; min-height: auto; padding: 8px; background-image: url("/2560x1600-up-forest-green-solid-color-background.jpg"); background-position: center center; background-repeat: no-repeat; background-size: cover;'&gt;
  &lt;div id="ikg08j" class="container" style="padding: 0px; display: flex; flex-wrap: wrap;"&gt;
    &lt;div id="ixaajh" class="col-md-12 columnBlockLayout" style="flex-grow: 1; display: flex; flex-direction: column; min-width: 250px; word-break: break-word; margin: 0px; padding: 16px;"&gt;&lt;h1 id="i4yzgt" style="text-align: center; color: var(--portalThemeColor1);"&gt;Where to start?&lt;/h1&gt;&lt;/div&gt;
  &lt;/div&gt;
&lt;/div&gt;
&lt;div id="i53a11" class="row sectionBlockLayout text-left" style='display: flex; flex-wrap: wrap; padding: 8px; margin: 0px; min-height: auto; background-image: url("/2560x1600-up-forest-green-solid-color-background.jpg"); background-position: center center; background-repeat: no-repeat; background-size: cover;'&gt;
  &lt;div id="i7z2ni" class="container" style="padding: 0px; display: flex; flex-wrap: wrap; column-gap: 0px;"&gt;
    &lt;div id="i15ik7" class="col-md-4 columnBlockLayout" style="flex-grow: 1; display: flex; flex-direction: column; min-width: 250px; word-break: break-word; margin: 0px; padding: 16px; width: calc(33.3333% + 0px);"&gt;&lt;p id="iznuti" style="text-align: center; border-radius: 25px 25px 25px 25px; border: 5px solid #c8c6c4; text-shadow: 0px 0px 0px #000000; box-shadow: 0px 0px 10px #000000; color: var(--portalThemeColor1);"&gt;At GreenScape Solutions, we understand that every customer has unique needs when it comes to landscaping and outdoor solutions. That's why we offer a personalized consultation to understand your specific requirements and how we can best meet them. Our team of experts will work with you to create a customized plan that fits your budget and exceeds your expectations. Contact us today to schedule your consultation and take the first step towards transforming your outdoor space into a beautiful and functional oasis.&lt;/p&gt;&lt;/div&gt;
    &lt;div id="i1brzc" class="col-md-8 columnBlockLayout" style="flex-grow: 1; display: flex; flex-direction: column; min-width: 250px; word-break: break-word; margin: 0px; padding: 16px; width: calc(66.6667% + 0px);"&gt;
      &lt;img src="/Landscaper.jpg" id="ivdxib" alt="Landscaper" name="Landscaper.jpg" style="width: 100%; height: auto; max-width: 100%; box-shadow: 0px 0px 13px rgb(0, 0, 0); border: 5px solid #c8c6c4; border-radius: 25px 25px 25px 25px;" /&gt;
      &lt;div id="iozyt5" class="row sectionBlockLayout" style="display: flex; flex-wrap: wrap; padding: 8px; margin: 0px; min-height: 15px;"&gt;&lt;/div&gt;
      &lt;div id="i471ud" class="row sectionBlockLayout" style="display: flex; flex-wrap: wrap; padding: 8px; margin: 0px; min-height: 15px;"&gt;&lt;/div&gt;
      &lt;div id="ilo06g" class="row sectionBlockLayout" style="display: flex; flex-wrap: wrap; padding: 8px; margin: 0px; min-height: 15px;"&gt;&lt;/div&gt;
      &lt;button onclick="window.location.href='/Landscaping-Request-Page'" type="button" value="Landscaping-Request-Page" id="isugo2" class="button1" style="margin-left: auto; margin-right: auto; min-width: 250px; min-height: 50px; width: fit-content;"&gt;Request a service&lt;/button&gt;
    &lt;/div&gt;
  &lt;/div&gt;
&lt;/div&gt;
Services</searchcontent>
  <statecode>0</statecode>
  <statuscode>1</statuscode>
</powerpagecomponent>