<powerpagecomponent powerpagecomponentid="fe50c156-7ea8-49cc-b8d4-84db4994d8ad">
  <content>{"createdOn":"2024-01-29T20:12:36.332Z","parentpageid":"c0c42595-6d90-4a49-9e78-cb6d9e66b371","publishingstateid":"8862e89a-e13d-4c4e-9719-6fa1b74e7ccc","partialurl":"thumbnail.css","title":"","summary":"","enabletracking":false,"excludefromsearch":false,"hiddenfromsitemap":false,"displayorder":-1}</content>
  <filecontent mimetype="text/css">thumbnail.css</filecontent>
  <iscustomizable>1</iscustomizable>
  <name>thumbnail.css</name>
  <powerpagecomponenttype>3</powerpagecomponenttype>
  <powerpagesiteid>
    <powerpagesiteid>5d10b291-67dd-425e-b96c-73b918f8dc4d</powerpagesiteid>
  </powerpagesiteid>
  <statecode>0</statecode>
  <statuscode>1</statuscode>
</powerpagecomponent>