<powerpagecomponent powerpagecomponentid="e9468adc-edcd-4990-83d3-df85ef39dce8">
  <content>{"adx_webpageaccesscontrolrule_webrole":["ff0bee37-91e2-4a00-9be1-3806dde0775e"],"right":1,"scope":1,"webpageid":"c0c42595-6d90-4a49-9e78-cb6d9e66b371"}</content>
  <iscustomizable>1</iscustomizable>
  <name>Grant Change to Administrators</name>
  <powerpagecomponenttype>10</powerpagecomponenttype>
  <powerpagesiteid>
    <powerpagesiteid>5d10b291-67dd-425e-b96c-73b918f8dc4d</powerpagesiteid>
  </powerpagesiteid>
  <statecode>0</statecode>
  <statuscode>1</statuscode>
</powerpagecomponent>