<powerpagecomponent powerpagecomponentid="43a2ba8f-0fba-41fb-9596-9542da0b9fc7">
  <content>{"adx_websiteaccess_webrole":["ff0bee37-91e2-4a00-9be1-3806dde0775e"],"managecontentsnippets":true,"managesitemarkers":true,"manageweblinksets":true,"previewunpublishedentities":true}</content>
  <iscustomizable>1</iscustomizable>
  <name>Administrative permissions for Site design 005</name>
  <powerpagecomponenttype>12</powerpagecomponenttype>
  <powerpagesiteid>
    <powerpagesiteid>5d10b291-67dd-425e-b96c-73b918f8dc4d</powerpagesiteid>
  </powerpagesiteid>
  <statecode>0</statecode>
  <statuscode>1</statuscode>
</powerpagecomponent>