<powerpagecomponent powerpagecomponentid="e2af7bdc-6cbe-4428-9988-8e82a1469487">
  <content>{
  "filecontent": null,
  "copy": "&lt;div class=\"row sectionBlockLayout text-left\" style=\"display: flex; flex-wrap: wrap; min-height: 361px; padding: 8px; margin: 0px;\"&gt;\r\n  &lt;div class=\"container\" style=\"display: flex; flex-wrap: wrap;\"&gt;\r\n    &lt;div class=\"col-md-12 columnBlockLayout\" style=\"flex-grow: 1; min-width: 300px; display: flex; flex-direction: column;\"&gt;\r\n      &lt;h2&gt;Subpage one&lt;/h2&gt;\r\n      &lt;p&gt;This section can be used to introduce the contents of the subpages and encourage your target audience to explore those pages. If this content gets too long, consider splitting it into two, smaller paragraphs&lt;/p&gt;\r\n    &lt;/div&gt;\r\n  &lt;/div&gt;\r\n&lt;/div&gt;\r\n&lt;div class=\"row sectionBlockLayout text-left\" style=\"display: flex; flex-wrap: wrap; min-height: 100px; padding: 8px; margin: 0px;\"&gt;\r\n  &lt;div class=\"container\" style=\"display: flex; flex-wrap: wrap;\"&gt;\r\n    &lt;div class=\"col-md-6 columnBlockLayout\" style=\"flex-grow: 1; min-width: 300px; display: flex; flex-direction: column;\"&gt;&lt;img src=\"/Page/Subpage-one/subpage-one.png\" alt=\"Houses\" name=\"subpage-one.png\" style=\"width: 100%; height: auto; max-width: 100%;\" tabindex=\"0\"&gt;&lt;/div&gt;\r\n    &lt;div class=\"col-md-6 columnBlockLayout\" style=\"flex-grow: 1; min-width: 300px; display: flex; flex-direction: column; justify-content: center;\"&gt;\r\n      &lt;h3&gt;Share a story&lt;/h3&gt;\r\n      &lt;p&gt;Main pages often include links to stories about how individual people or organizations benefit from interacting with your organization&lt;/p&gt;\r\n    &lt;/div&gt;\r\n  &lt;/div&gt;\r\n&lt;/div&gt;",
  "displayorder": 1,
  "enablerating": false,
  "enabletracking": false,
  "excludefromsearch": false,
  "feedbackpolicy": 756150000,
  "hiddenfromsitemap": false,
  "isroot": false,
  "pagetemplateid": "a1dd5d8b-8297-4fda-8a70-98fece95833c",
  "parentpageid": "9a0d8499-8867-4461-aaf3-782478adbabf",
  "partialurl": "Subpage-one-deleted",
  "publishingstateid": "8862e89a-e13d-4c4e-9719-6fa1b74e7ccc",
  "rootwebpageid": "d10812f6-ba35-4fcc-bd48-52376e2169c3",
  "sharedpageconfiguration": true,
  "summary": "&lt;p&gt;This is a sample landing page designed to be a starting point for your website&lt;/p&gt;",
  "title": "Subpage one"
}</content>
  <iscustomizable>1</iscustomizable>
  <name>Subpage one-deleted</name>
  <powerpagecomponenttype>2</powerpagecomponenttype>
  <powerpagesiteid>
    <powerpagesiteid>5d10b291-67dd-425e-b96c-73b918f8dc4d</powerpagesiteid>
  </powerpagesiteid>
  <powerpagesitelanguageid>
    <powerpagesitelanguageid>2e4d3f25-ce8f-421f-9a20-1d41af4dc6c2</powerpagesitelanguageid>
  </powerpagesitelanguageid>
  <searchcontent>Subpage one&lt;div class="row sectionBlockLayout text-left" style="display: flex; flex-wrap: wrap; min-height: 361px; padding: 8px; margin: 0px;"&gt;
  &lt;div class="container" style="display: flex; flex-wrap: wrap;"&gt;
    &lt;div class="col-md-12 columnBlockLayout" style="flex-grow: 1; min-width: 300px; display: flex; flex-direction: column;"&gt;
      &lt;h2&gt;Subpage one&lt;/h2&gt;
      &lt;p&gt;This section can be used to introduce the contents of the subpages and encourage your target audience to explore those pages. If this content gets too long, consider splitting it into two, smaller paragraphs&lt;/p&gt;
    &lt;/div&gt;
  &lt;/div&gt;
&lt;/div&gt;
&lt;div class="row sectionBlockLayout text-left" style="display: flex; flex-wrap: wrap; min-height: 100px; padding: 8px; margin: 0px;"&gt;
  &lt;div class="container" style="display: flex; flex-wrap: wrap;"&gt;
    &lt;div class="col-md-6 columnBlockLayout" style="flex-grow: 1; min-width: 300px; display: flex; flex-direction: column;"&gt;&lt;img src="/Page/Subpage-one/subpage-one.png" alt="Houses" name="subpage-one.png" style="width: 100%; height: auto; max-width: 100%;" tabindex="0"&gt;&lt;/div&gt;
    &lt;div class="col-md-6 columnBlockLayout" style="flex-grow: 1; min-width: 300px; display: flex; flex-direction: column; justify-content: center;"&gt;
      &lt;h3&gt;Share a story&lt;/h3&gt;
      &lt;p&gt;Main pages often include links to stories about how individual people or organizations benefit from interacting with your organization&lt;/p&gt;
    &lt;/div&gt;
  &lt;/div&gt;
&lt;/div&gt;Subpage one-deleted</searchcontent>
  <statecode>1</statecode>
  <statuscode>2</statuscode>
</powerpagecomponent>