<powerpagecomponent powerpagecomponentid="1c799c31-8a9c-45fd-9bce-8141e75869fb">
  <content>{
  "powerpagesitelanguageid": "2e4d3f25-ce8f-421f-9a20-1d41af4dc6c2",
  "filecontent": null,
  "display_name": "Logo URL",
  "type": 756150000,
  "value": "/Screenshot 2024-01-29 at 3.47.32 PM.png"
}</content>
  <iscustomizable>1</iscustomizable>
  <name>Logo URL</name>
  <powerpagecomponenttype>7</powerpagecomponenttype>
  <powerpagesiteid>
    <powerpagesiteid>5d10b291-67dd-425e-b96c-73b918f8dc4d</powerpagesiteid>
  </powerpagesiteid>
  <powerpagesitelanguageid>
    <powerpagesitelanguageid>2e4d3f25-ce8f-421f-9a20-1d41af4dc6c2</powerpagesitelanguageid>
  </powerpagesitelanguageid>
  <statecode>0</statecode>
  <statuscode>1</statuscode>
</powerpagecomponent>