<powerpagecomponent powerpagecomponentid="ef8a155f-ec84-4c14-b28c-e161119e97e8">
  <content>{"source":"&lt;ul class=\"dropdown-menu\" role=\"menu\"&gt;\r\n  {% assign ordered_languages = page.languages | order_by: \"name\" %}\r\n  {% for language in ordered_languages %}\r\n    &lt;li role=\"menuitem\"&gt;\r\n      &lt;a href=\"/{{ language.url_substitution | escape }}\" title=\"{{ language.name }}\" data-code=\"{{ language.code }}\"&gt;{{ language.name }}&lt;/a&gt;\r\n    &lt;/li&gt;\r\n  {% endfor %}\r\n&lt;/ul&gt;"}</content>
  <iscustomizable>1</iscustomizable>
  <name>Languages Dropdown</name>
  <powerpagecomponenttype>8</powerpagecomponenttype>
  <powerpagesiteid>
    <powerpagesiteid>5d10b291-67dd-425e-b96c-73b918f8dc4d</powerpagesiteid>
  </powerpagesiteid>
  <statecode>0</statecode>
  <statuscode>1</statuscode>
</powerpagecomponent>