<ImportExportXml version="9.2.23122.206" SolutionPackageVersion="9.2" languagecode="1033" generatedBy="CrmLive" xmlns:xsi="http://www.w3.org/2001/XMLSchema-instance">
  <SolutionManifest>
    <UniqueName>Project3</UniqueName>
    <LocalizedNames>
      <LocalizedName description="GreenScape Solution" languagecode="1033" />
    </LocalizedNames>
    <Descriptions />
    <Version>1.0.0.21</Version>
    <Managed>0</Managed>
    <Publisher>
      <UniqueName>Project3</UniqueName>
      <LocalizedNames>
        <LocalizedName description="Project 3" languagecode="1033" />
      </LocalizedNames>
      <Descriptions />
      <EMailAddress xsi:nil="true"></EMailAddress>
      <SupportingWebsiteUrl xsi:nil="true"></SupportingWebsiteUrl>
      <CustomizationPrefix>project3</CustomizationPrefix>
      <CustomizationOptionValuePrefix>80054</CustomizationOptionValuePrefix>
      <Addresses>
        <Address>
          <AddressNumber>1</AddressNumber>
          <AddressTypeCode>1</AddressTypeCode>
          <City xsi:nil="true"></City>
          <County xsi:nil="true"></County>
          <Country xsi:nil="true"></Country>
          <Fax xsi:nil="true"></Fax>
          <FreightTermsCode xsi:nil="true"></FreightTermsCode>
          <ImportSequenceNumber xsi:nil="true"></ImportSequenceNumber>
          <Latitude xsi:nil="true"></Latitude>
          <Line1 xsi:nil="true"></Line1>
          <Line2 xsi:nil="true"></Line2>
          <Line3 xsi:nil="true"></Line3>
          <Longitude xsi:nil="true"></Longitude>
          <Name xsi:nil="true"></Name>
          <PostalCode xsi:nil="true"></PostalCode>
          <PostOfficeBox xsi:nil="true"></PostOfficeBox>
          <PrimaryContactName xsi:nil="true"></PrimaryContactName>
          <ShippingMethodCode>1</ShippingMethodCode>
          <StateOrProvince xsi:nil="true"></StateOrProvince>
          <Telephone1 xsi:nil="true"></Telephone1>
          <Telephone2 xsi:nil="true"></Telephone2>
          <Telephone3 xsi:nil="true"></Telephone3>
          <TimeZoneRuleVersionNumber xsi:nil="true"></TimeZoneRuleVersionNumber>
          <UPSZone xsi:nil="true"></UPSZone>
          <UTCOffset xsi:nil="true"></UTCOffset>
          <UTCConversionTimeZoneCode xsi:nil="true"></UTCConversionTimeZoneCode>
        </Address>
        <Address>
          <AddressNumber>2</AddressNumber>
          <AddressTypeCode>1</AddressTypeCode>
          <City xsi:nil="true"></City>
          <County xsi:nil="true"></County>
          <Country xsi:nil="true"></Country>
          <Fax xsi:nil="true"></Fax>
          <FreightTermsCode xsi:nil="true"></FreightTermsCode>
          <ImportSequenceNumber xsi:nil="true"></ImportSequenceNumber>
          <Latitude xsi:nil="true"></Latitude>
          <Line1 xsi:nil="true"></Line1>
          <Line2 xsi:nil="true"></Line2>
          <Line3 xsi:nil="true"></Line3>
          <Longitude xsi:nil="true"></Longitude>
          <Name xsi:nil="true"></Name>
          <PostalCode xsi:nil="true"></PostalCode>
          <PostOfficeBox xsi:nil="true"></PostOfficeBox>
          <PrimaryContactName xsi:nil="true"></PrimaryContactName>
          <ShippingMethodCode>1</ShippingMethodCode>
          <StateOrProvince xsi:nil="true"></StateOrProvince>
          <Telephone1 xsi:nil="true"></Telephone1>
          <Telephone2 xsi:nil="true"></Telephone2>
          <Telephone3 xsi:nil="true"></Telephone3>
          <TimeZoneRuleVersionNumber xsi:nil="true"></TimeZoneRuleVersionNumber>
          <UPSZone xsi:nil="true"></UPSZone>
          <UTCOffset xsi:nil="true"></UTCOffset>
          <UTCConversionTimeZoneCode xsi:nil="true"></UTCConversionTimeZoneCode>
        </Address>
      </Addresses>
    </Publisher>
    <RootComponents>
      <RootComponent type="1" schemaName="businessunit" behavior="0" />
      <RootComponent type="1" schemaName="contact" behavior="0" />
      <RootComponent type="1" schemaName="project3_address" behavior="0" />
      <RootComponent type="1" schemaName="project3_cpobpf" behavior="0" />
      <RootComponent type="1" schemaName="project3_equipment" behavior="0" />
      <RootComponent type="1" schemaName="project3_greenscapesolutionbpfv2" behavior="0" />
      <RootComponent type="1" schemaName="project3_project" behavior="0" />
      <RootComponent type="1" schemaName="project3_projectexpense" behavior="0" />
      <RootComponent type="1" schemaName="project3_service" behavior="0" />
      <RootComponent type="1" schemaName="project3_servicerequest" behavior="0" />
      <RootComponent type="1" schemaName="systemuser" behavior="0" />
      <RootComponent type="1" schemaName="task" behavior="0" />
      <RootComponent type="29" id="{0b9a7664-44c1-ee11-9079-000d3a328540}" behavior="0" />
      <RootComponent type="29" id="{11358a11-f2be-ee11-9079-6045bd01cbab}" behavior="0" />
      <RootComponent type="29" id="{1ac34dcd-21c1-ee11-9078-000d3a8d7bdf}" behavior="0" />
      <RootComponent type="29" id="{1d88ca99-4ec0-ee11-9079-6045bd01cbab}" behavior="0" />
      <RootComponent type="29" id="{39574eca-8bc0-ee11-9078-000d3a8d7bdf}" behavior="0" />
      <RootComponent type="29" id="{8d4121e7-f2be-ee11-9079-6045bd01cbab}" behavior="0" />
      <RootComponent type="29" id="{93a5d06a-f1be-ee11-9079-6045bd01cbab}" behavior="0" />
      <RootComponent type="29" id="{a560e1c7-e1be-ee11-9079-6045bd01cbab}" behavior="0" />
      <RootComponent type="29" id="{abb2ef66-87bf-ee11-9079-6045bd01cbab}" behavior="0" />
      <RootComponent type="29" id="{dc5642c1-82bf-ee11-9079-6045bd01c5e6}" behavior="0" />
      <RootComponent type="29" id="{e5a01ac2-b1bf-ee11-9079-6045bd01cbab}" behavior="0" />
      <RootComponent type="29" id="{e6e5a2e1-89bf-ee11-9079-6045bd01cbab}" behavior="0" />
      <RootComponent type="29" id="{e91e1c5e-e2be-ee11-9079-6045bd01cbab}" behavior="0" />
      <RootComponent type="29" id="{f280e478-54c0-ee11-9079-6045bd01cbab}" behavior="0" />
      <RootComponent type="62" schemaName="project3_GreenScapeSolutionMDA" behavior="0" />
      <RootComponent type="80" schemaName="project3_GreenScapeSolutionMDA" behavior="0" />
      <RootComponent type="300" schemaName="project3_projectmanager_e1b83" behavior="0" />
      <RootComponent type="431" schemaName="project3_project project3_image" behavior="0" />
      <RootComponent type="431" schemaName="project3_projectexpense project3_invoice" behavior="0" />
      <RootComponent type="431" schemaName="project3_service project3_image" behavior="0" />
      <RootComponent type="431" schemaName="task project3_image" behavior="0" />
      <RootComponent type="432" schemaName="project3_project" behavior="0" />
      <RootComponent type="432" schemaName="project3_projectexpense" behavior="0" />
      <RootComponent type="432" schemaName="project3_service" behavior="0" />
      <RootComponent type="432" schemaName="task" behavior="0" />
    </RootComponents>
    <MissingDependencies>
      <MissingDependency>
        <Required type="1" schemaName="adx_externalidentity" displayName="External Identity" solution="PowerPages_RuntimeCore (1.0.2308.4)" />
        <Dependent type="1" schemaName="contact" displayName="Customer" />
      </MissingDependency>
      <MissingDependency>
        <Required type="1" schemaName="adx_invitation" displayName="Invitation" solution="PowerPages_RuntimeCore (1.0.2308.4)" />
        <Dependent type="1" schemaName="contact" displayName="Customer" />
      </MissingDependency>
      <MissingDependency>
        <Required type="1" schemaName="adx_webformsession" displayName="Multistep Form Session" solution="PowerPages_RuntimeCore (1.0.2308.4)" />
        <Dependent type="1" schemaName="contact" displayName="Customer" />
      </MissingDependency>
      <MissingDependency>
        <Required type="1" schemaName="adx_webformsession" displayName="Multistep Form Session" solution="PowerPages_RuntimeCore (1.0.2308.4)" />
        <Dependent type="1" schemaName="systemuser" displayName="Employee" />
      </MissingDependency>
      <MissingDependency>
        <Required type="1" schemaName="appusersetting" displayName="Model-Driven App User Setting" solution="AppModule (9.1.23114.231122001)" />
        <Dependent type="1" schemaName="systemuser" displayName="Employee" />
      </MissingDependency>
      <MissingDependency>
        <Required type="1" schemaName="bot" displayName="Chatbot" solution="PowerVirtualAgents (2.0.0.641)" />
        <Dependent type="1" schemaName="systemuser" displayName="Employee" />
      </MissingDependency>
      <MissingDependency>
        <Required type="1" schemaName="componentversion" displayName="Component Version" solution="msdyn_ComponentVersioning (9.1.0.76)" />
        <Dependent type="1" schemaName="systemuser" displayName="Employee" />
      </MissingDependency>
      <MissingDependency>
        <Required type="1" schemaName="mspp_adplacement" displayName="Ad Placement" solution="PowerPages_Apps (1.0.2309.1)" />
        <Dependent type="1" schemaName="systemuser" displayName="Employee" />
      </MissingDependency>
      <MissingDependency>
        <Required type="1" schemaName="mspp_columnpermission" displayName="Column Permission" solution="PowerPages_Apps (1.0.2309.1)" />
        <Dependent type="1" schemaName="systemuser" displayName="Employee" />
      </MissingDependency>
      <MissingDependency>
        <Required type="1" schemaName="mspp_columnpermissionprofile" displayName="Column Permission Profile" solution="PowerPages_Apps (1.0.2309.1)" />
        <Dependent type="1" schemaName="systemuser" displayName="Employee" />
      </MissingDependency>
      <MissingDependency>
        <Required type="1" schemaName="mspp_contentsnippet" displayName="Content Snippet" solution="PowerPages_Apps (1.0.2309.1)" />
        <Dependent type="1" schemaName="systemuser" displayName="Employee" />
      </MissingDependency>
      <MissingDependency>
        <Required type="1" schemaName="mspp_entityform" displayName="Basic Form" solution="PowerPages_Apps (1.0.2309.1)" />
        <Dependent type="1" schemaName="systemuser" displayName="Employee" />
      </MissingDependency>
      <MissingDependency>
        <Required type="1" schemaName="mspp_entityformmetadata" displayName="Basic Form Metadata" solution="PowerPages_Apps (1.0.2309.1)" />
        <Dependent type="1" schemaName="systemuser" displayName="Employee" />
      </MissingDependency>
      <MissingDependency>
        <Required type="1" schemaName="mspp_entitylist" displayName="List" solution="PowerPages_Apps (1.0.2309.1)" />
        <Dependent type="1" schemaName="systemuser" displayName="Employee" />
      </MissingDependency>
      <MissingDependency>
        <Required type="1" schemaName="mspp_entitypermission" displayName="Table Permission" solution="PowerPages_Apps (1.0.2309.1)" />
        <Dependent type="1" schemaName="systemuser" displayName="Employee" />
      </MissingDependency>
      <MissingDependency>
        <Required type="1" schemaName="mspp_pagetemplate" displayName="Page Template" solution="PowerPages_Apps (1.0.2309.1)" />
        <Dependent type="1" schemaName="systemuser" displayName="Employee" />
      </MissingDependency>
      <MissingDependency>
        <Required type="1" schemaName="mspp_pollplacement" displayName="Poll Placement" solution="PowerPages_Apps (1.0.2309.1)" />
        <Dependent type="1" schemaName="systemuser" displayName="Employee" />
      </MissingDependency>
      <MissingDependency>
        <Required type="1" schemaName="mspp_publishingstate" displayName="Publishing State" solution="PowerPages_Apps (1.0.2309.1)" />
        <Dependent type="1" schemaName="systemuser" displayName="Employee" />
      </MissingDependency>
      <MissingDependency>
        <Required type="1" schemaName="mspp_publishingstatetransitionrule" displayName="Publishing State Transition Rule" solution="PowerPages_Apps (1.0.2309.1)" />
        <Dependent type="1" schemaName="systemuser" displayName="Employee" />
      </MissingDependency>
      <MissingDependency>
        <Required type="1" schemaName="mspp_redirect" displayName="Redirect" solution="PowerPages_Apps (1.0.2309.1)" />
        <Dependent type="1" schemaName="systemuser" displayName="Employee" />
      </MissingDependency>
      <MissingDependency>
        <Required type="1" schemaName="mspp_shortcut" displayName="Shortcut" solution="PowerPages_Apps (1.0.2309.1)" />
        <Dependent type="1" schemaName="systemuser" displayName="Employee" />
      </MissingDependency>
      <MissingDependency>
        <Required type="1" schemaName="mspp_sitemarker" displayName="Site Marker" solution="PowerPages_Apps (1.0.2309.1)" />
        <Dependent type="1" schemaName="systemuser" displayName="Employee" />
      </MissingDependency>
      <MissingDependency>
        <Required type="1" schemaName="mspp_sitesetting" displayName="Site Setting" solution="PowerPages_Apps (1.0.2309.1)" />
        <Dependent type="1" schemaName="systemuser" displayName="Employee" />
      </MissingDependency>
      <MissingDependency>
        <Required type="1" schemaName="mspp_webfile" displayName="Web File" solution="PowerPages_Apps (1.0.2309.1)" />
        <Dependent type="1" schemaName="systemuser" displayName="Employee" />
      </MissingDependency>
      <MissingDependency>
        <Required type="1" schemaName="mspp_webform" displayName="Multistep Form" solution="PowerPages_Apps (1.0.2309.1)" />
        <Dependent type="1" schemaName="systemuser" displayName="Employee" />
      </MissingDependency>
      <MissingDependency>
        <Required type="1" schemaName="mspp_webformmetadata" displayName="Multistep Form Metadata" solution="PowerPages_Apps (1.0.2309.1)" />
        <Dependent type="1" schemaName="systemuser" displayName="Employee" />
      </MissingDependency>
      <MissingDependency>
        <Required type="1" schemaName="mspp_webformstep" displayName="Form Step" solution="PowerPages_Apps (1.0.2309.1)" />
        <Dependent type="1" schemaName="systemuser" displayName="Employee" />
      </MissingDependency>
      <MissingDependency>
        <Required type="1" schemaName="mspp_weblink" displayName="Web Link" solution="PowerPages_Apps (1.0.2309.1)" />
        <Dependent type="1" schemaName="systemuser" displayName="Employee" />
      </MissingDependency>
      <MissingDependency>
        <Required type="1" schemaName="mspp_weblinkset" displayName="Web Link Set" solution="PowerPages_Apps (1.0.2309.1)" />
        <Dependent type="1" schemaName="systemuser" displayName="Employee" />
      </MissingDependency>
      <MissingDependency>
        <Required type="1" schemaName="mspp_webpage" displayName="Web Page" solution="PowerPages_Apps (1.0.2309.1)" />
        <Dependent type="1" schemaName="systemuser" displayName="Employee" />
      </MissingDependency>
      <MissingDependency>
        <Required type="1" schemaName="mspp_webpageaccesscontrolrule" displayName="Web Page Access Control Rule" solution="PowerPages_Apps (1.0.2309.1)" />
        <Dependent type="1" schemaName="systemuser" displayName="Employee" />
      </MissingDependency>
      <MissingDependency>
        <Required type="1" schemaName="mspp_webrole" displayName="Web Role" solution="PowerPages_Apps (1.0.2309.1)" />
        <Dependent type="1" schemaName="systemuser" displayName="Employee" />
      </MissingDependency>
      <MissingDependency>
        <Required type="1" schemaName="mspp_website" displayName="Website" solution="PowerPages_Apps (1.0.2309.1)" />
        <Dependent type="1" schemaName="systemuser" displayName="Employee" />
      </MissingDependency>
      <MissingDependency>
        <Required type="1" schemaName="mspp_websiteaccess" displayName="Website Access" solution="PowerPages_Apps (1.0.2309.1)" />
        <Dependent type="1" schemaName="systemuser" displayName="Employee" />
      </MissingDependency>
      <MissingDependency>
        <Required type="1" schemaName="mspp_websitelanguage" displayName="Website Language" solution="PowerPages_Apps (1.0.2309.1)" />
        <Dependent type="1" schemaName="systemuser" displayName="Employee" />
      </MissingDependency>
      <MissingDependency>
        <Required type="1" schemaName="mspp_webtemplate" displayName="Web Template" solution="PowerPages_Apps (1.0.2309.1)" />
        <Dependent type="1" schemaName="systemuser" displayName="Employee" />
      </MissingDependency>
      <MissingDependency>
        <Required type="1" schemaName="sample_challenge" displayName="Challenge" solution="InnovationHub (0.0.0.1)" />
        <Dependent type="1" schemaName="systemuser" displayName="Employee" />
      </MissingDependency>
      <MissingDependency>
        <Required type="1" schemaName="sample_challenge" displayName="Challenge" solution="InnovationHub (0.0.0.1)" />
        <Dependent type="10" schemaName="sample_sample_challenge_systemuser" displayName="sample_sample_challenge_systemuser" parentSchemaName="sample_challenge" parentDisplayName="Challenge" />
      </MissingDependency>
      <MissingDependency>
        <Required type="1" schemaName="sample_idea" displayName="Idea" solution="InnovationHub (0.0.0.1)" />
        <Dependent type="10" schemaName="sample_sample_idea_contact" displayName="sample_sample_idea_contact" parentSchemaName="sample_idea" parentDisplayName="Idea" />
      </MissingDependency>
      <MissingDependency>
        <Required type="1" schemaName="sample_idea" displayName="Idea" solution="InnovationHub (0.0.0.1)" />
        <Dependent type="10" schemaName="sample_sample_idea_systemuser" displayName="sample_sample_idea_systemuser" parentSchemaName="sample_idea" parentDisplayName="Idea" />
      </MissingDependency>
      <MissingDependency>
        <Required type="1" schemaName="usermobileofflineprofilemembership" displayName="UserMobileOfflineProfileMembership" solution="MobileOfflineMembership (1.0.0.3)" />
        <Dependent type="1" schemaName="systemuser" displayName="Employee" />
      </MissingDependency>
      <MissingDependency>
        <Required type="10" schemaName="msa_contact_managingpartner" displayName="msa_contact_managingpartner" parentSchemaName="account" parentDisplayName="Account" solution="PowerPages_RuntimeCoreDependencies (1.0.2305.1)" />
        <Dependent type="10" schemaName="msa_contact_managingpartner" displayName="msa_contact_managingpartner" parentSchemaName="account" parentDisplayName="Account" />
      </MissingDependency>
      <MissingDependency>
        <Required type="10" schemaName="adx_invitation_invitecontacts" displayName="adx_invitation_invitecontacts" parentSchemaName="adx_invitation" parentDisplayName="Invitation" solution="PowerPages_RuntimeCore (1.0.2308.4)" />
        <Dependent type="10" schemaName="adx_invitation_invitecontacts" displayName="adx_invitation_invitecontacts" parentSchemaName="adx_invitation" parentDisplayName="Invitation" />
      </MissingDependency>
      <MissingDependency>
        <Required type="10" schemaName="adx_invitation_redeemedcontacts" displayName="adx_invitation_redeemedcontacts" parentSchemaName="adx_invitation" parentDisplayName="Invitation" solution="PowerPages_RuntimeCore (1.0.2308.4)" />
        <Dependent type="10" schemaName="adx_invitation_redeemedcontacts" displayName="adx_invitation_redeemedcontacts" parentSchemaName="adx_invitation" parentDisplayName="Invitation" />
      </MissingDependency>
      <MissingDependency>
        <Required type="10" schemaName="powerpagecomponent_mspp_webrole_contact" displayName="powerpagecomponent_mspp_webrole_contact" parentSchemaName="powerpagecomponent" parentDisplayName="Site Component" solution="PowerPages_RuntimeExtensions (1.0.2310.1)" />
        <Dependent type="10" schemaName="powerpagecomponent_mspp_webrole_contact" displayName="powerpagecomponent_mspp_webrole_contact" parentSchemaName="powerpagecomponent" parentDisplayName="Site Component" />
      </MissingDependency>
      <MissingDependency>
        <Required type="10" schemaName="sample_sample_challenge_systemuser" displayName="sample_sample_challenge_systemuser" parentSchemaName="sample_challenge" parentDisplayName="Challenge" solution="InnovationHub (0.0.0.1)" />
        <Dependent type="10" schemaName="sample_sample_challenge_systemuser" displayName="sample_sample_challenge_systemuser" parentSchemaName="sample_challenge" parentDisplayName="Challenge" />
      </MissingDependency>
      <MissingDependency>
        <Required type="10" schemaName="sample_sample_idea_contact" displayName="sample_sample_idea_contact" parentSchemaName="sample_idea" parentDisplayName="Idea" solution="InnovationHub (0.0.0.1)" />
        <Dependent type="10" schemaName="sample_sample_idea_contact" displayName="sample_sample_idea_contact" parentSchemaName="sample_idea" parentDisplayName="Idea" />
      </MissingDependency>
      <MissingDependency>
        <Required type="10" schemaName="sample_sample_idea_systemuser" displayName="sample_sample_idea_systemuser" parentSchemaName="sample_idea" parentDisplayName="Idea" solution="InnovationHub (0.0.0.1)" />
        <Dependent type="10" schemaName="sample_sample_idea_systemuser" displayName="sample_sample_idea_systemuser" parentSchemaName="sample_idea" parentDisplayName="Idea" />
      </MissingDependency>
      <MissingDependency>
        <Required type="2" schemaName="msa_managingpartnerid" displayName="Managing Partner" parentSchemaName="contact" parentDisplayName="Customer" solution="PowerPages_RuntimeCoreDependencies (1.0.2305.1)" />
        <Dependent type="2" schemaName="parentcustomerid" displayName="Company Name" parentSchemaName="contact" parentDisplayName="Customer" />
      </MissingDependency>
      <MissingDependency>
        <Required type="2" schemaName="mspp_userpreferredlcid" displayName="Preferred Language" parentSchemaName="contact" parentDisplayName="Customer" solution="PowerPages_RuntimeExtensions (1.0.2310.1)" />
        <Dependent type="60" displayName="Profile Web Form (Enhanced)" parentDisplayName="Customer" id="{bddc0100-0dbe-4562-aafe-31d08c8ab506}" />
      </MissingDependency>
      <MissingDependency>
        <Required type="2" schemaName="sample_contributorsid" displayName="Contributors" parentSchemaName="contact" parentDisplayName="Customer" solution="InnovationHub (0.0.0.1)" />
        <Dependent type="10" schemaName="sample_sample_idea_contact" displayName="sample_sample_idea_contact" parentSchemaName="sample_idea" parentDisplayName="Idea" />
      </MissingDependency>
      <MissingDependency>
        <Required type="2" schemaName="sample_challengeid" displayName="Challenge" parentSchemaName="sample_challenge" parentDisplayName="Challenge" solution="InnovationHub (0.0.0.1)" />
        <Dependent type="10" schemaName="sample_sample_challenge_systemuser" displayName="sample_sample_challenge_systemuser" parentSchemaName="sample_challenge" parentDisplayName="Challenge" />
      </MissingDependency>
      <MissingDependency>
        <Required type="2" schemaName="sample_name" displayName="Name" parentSchemaName="sample_challenge" parentDisplayName="Challenge" solution="InnovationHub (0.0.0.1)" />
        <Dependent type="10" schemaName="sample_sample_challenge_systemuser" displayName="sample_sample_challenge_systemuser" parentSchemaName="sample_challenge" parentDisplayName="Challenge" />
      </MissingDependency>
      <MissingDependency>
        <Required type="2" schemaName="sample_ideaid" displayName="Idea" parentSchemaName="sample_idea" parentDisplayName="Idea" solution="InnovationHub (0.0.0.1)" />
        <Dependent type="10" schemaName="sample_sample_idea_contact" displayName="sample_sample_idea_contact" parentSchemaName="sample_idea" parentDisplayName="Idea" />
      </MissingDependency>
      <MissingDependency>
        <Required type="2" schemaName="sample_ideaid" displayName="Idea" parentSchemaName="sample_idea" parentDisplayName="Idea" solution="InnovationHub (0.0.0.1)" />
        <Dependent type="10" schemaName="sample_sample_idea_systemuser" displayName="sample_sample_idea_systemuser" parentSchemaName="sample_idea" parentDisplayName="Idea" />
      </MissingDependency>
      <MissingDependency>
        <Required type="2" schemaName="sample_name" displayName="Name" parentSchemaName="sample_idea" parentDisplayName="Idea" solution="InnovationHub (0.0.0.1)" />
        <Dependent type="10" schemaName="sample_sample_idea_contact" displayName="sample_sample_idea_contact" parentSchemaName="sample_idea" parentDisplayName="Idea" />
      </MissingDependency>
      <MissingDependency>
        <Required type="2" schemaName="sample_name" displayName="Name" parentSchemaName="sample_idea" parentDisplayName="Idea" solution="InnovationHub (0.0.0.1)" />
        <Dependent type="10" schemaName="sample_sample_idea_systemuser" displayName="sample_sample_idea_systemuser" parentSchemaName="sample_idea" parentDisplayName="Idea" />
      </MissingDependency>
      <MissingDependency>
        <Required type="2" schemaName="sample_stakeholdersid" displayName="Stakeholders" parentSchemaName="systemuser" parentDisplayName="Employee" solution="InnovationHub (0.0.0.1)" />
        <Dependent type="10" schemaName="sample_sample_challenge_systemuser" displayName="sample_sample_challenge_systemuser" parentSchemaName="sample_challenge" parentDisplayName="Challenge" />
      </MissingDependency>
      <MissingDependency>
        <Required type="2" schemaName="sample_teammemberid" displayName="Team member" parentSchemaName="systemuser" parentDisplayName="Employee" solution="InnovationHub (0.0.0.1)" />
        <Dependent type="10" schemaName="sample_sample_idea_systemuser" displayName="sample_sample_idea_systemuser" parentSchemaName="sample_idea" parentDisplayName="Idea" />
      </MissingDependency>
      <MissingDependency>
        <Required type="60" displayName="Task" parentDisplayName="Task" solution="msdynce_Activities (9.0.1.2033)" id="{16654191-19ad-48ca-9e46-c4b4fbdad76f}" />
        <Dependent type="60" displayName="Task" parentDisplayName="Task" id="{16654191-19ad-48ca-9e46-c4b4fbdad76f}" />
      </MissingDependency>
      <MissingDependency>
        <Required type="60" displayName="Create/Edit Task" parentDisplayName="Task" solution="msdynce_Activities (9.0.1.2033)" id="{a1c8a6dc-8804-4019-9c78-7dbe86560ea1}" />
        <Dependent type="60" displayName="Create/Edit Task" parentDisplayName="Task" id="{a1c8a6dc-8804-4019-9c78-7dbe86560ea1}" />
      </MissingDependency>
      <MissingDependency>
        <Required type="60" displayName="Profile Web Form (Enhanced)" parentDisplayName="Customer" solution="PowerPages_RuntimeCore (1.0.2308.4)" id="{bddc0100-0dbe-4562-aafe-31d08c8ab506}" />
        <Dependent type="60" displayName="Profile Web Form (Enhanced)" parentDisplayName="Customer" id="{bddc0100-0dbe-4562-aafe-31d08c8ab506}" />
      </MissingDependency>
      <MissingDependency>
        <Required type="60" displayName="Task for Interactive experience" parentDisplayName="Task" solution="msdynce_Activities (9.0.1.2033)" id="{d5b4a1b2-de4f-4f86-8768-b0730001e7d1}" />
        <Dependent type="80" schemaName="project3_GreenScapeSolutionMDA" displayName="GreenScapeSolutionMDA" />
      </MissingDependency>
      <MissingDependency>
        <Required type="61" schemaName="Activities/SystemLibraries/Task_main_system_library.js" displayName="Activities/SystemLibraries/Task_main_system_library.js" solution="msdynce_Activities (9.0.1.2033)" />
        <Dependent type="60" displayName="Task" parentDisplayName="Task" id="{16654191-19ad-48ca-9e46-c4b4fbdad76f}" />
      </MissingDependency>
      <MissingDependency>
        <Required type="61" schemaName="Activities/SystemLibraries/Task_main_system_library.js" displayName="Activities/SystemLibraries/Task_main_system_library.js" solution="msdynce_Activities (9.0.1.2033)" />
        <Dependent type="60" displayName="Tasks" parentDisplayName="Task" id="{5d891f63-ecbe-ee11-9079-6045bd01cbab}" />
      </MissingDependency>
      <MissingDependency>
        <Required type="61" schemaName="msdyn_/Images/AppModule_Default_Icon.png" displayName="msdyn_/Images/AppModule_Default_Icon.png" solution="AppModuleWebResources (2.5)" />
        <Dependent type="80" schemaName="project3_GreenScapeSolutionMDA" displayName="GreenScapeSolutionMDA" />
      </MissingDependency>
      <MissingDependency>
        <Required type="66" schemaName="MscrmControls.FieldControls.ToggleControl" displayName="MscrmControls.FieldControls.ToggleControl" solution="BaseCustomControlsCore (9.0.2312.2026)" />
        <Dependent type="60" displayName="Create/Edit Task" parentDisplayName="Task" id="{a1c8a6dc-8804-4019-9c78-7dbe86560ea1}" />
      </MissingDependency>
      <MissingDependency>
        <Required type="66" schemaName="MscrmControls.RichTextEditor.RichTextEditorControl" displayName="MscrmControls.RichTextEditor.RichTextEditorControl" solution="msdyn_RichTextEditor (1.0.0.3043)" />
        <Dependent type="60" displayName="Create/Edit Task" parentDisplayName="Task" id="{a1c8a6dc-8804-4019-9c78-7dbe86560ea1}" />
      </MissingDependency>
      <MissingDependency>
        <Required type="SettingDefinition" displayName="AppChannel" solution="msdyn_AppFrameworkInfraExtensions (1.0.0.6)" id.uniquename="AppChannel" />
        <Dependent type="AppSetting" displayName="parentappmoduleid.uniquename=project3_GreenScapeSolutionMDA,settingdefinitionid.uniquename=AppChannel" id.parentappmoduleid.uniquename="project3_GreenScapeSolutionMDA" id.settingdefinitionid.uniquename="AppChannel" />
      </MissingDependency>
    </MissingDependencies>
  </SolutionManifest>
</ImportExportXml>